7,0
7.002,0
7.004,0
7.006,0
7.008,0
7.01,0
7.012,0
7.014,0
7.016,0
7.018,0
7.02,0
7.022,0
7.024,0
7.026,0
7.028,0
7.03,0
7.032,0
7.034,0
7.036,0
7.038,0
7.04,0
7.042,0
7.044,0
7.046,0
7.048,0
7.05,0
7.052,0
7.054,0
7.056,0
7.058,0
7.06,0
7.062,0
7.064,0
7.066,0
7.068,8.92E-07
7.07,1.52E-05
7.072,8.92E-05
7.074,2.57E-04
7.076,3.96E-04
7.078,2.84E-04
7.08,8.72E-05
7.082,1.06E-05
7.084,1.38E-05
7.086,9.91E-05
7.088,2.27E-04
7.09,1.65E-04
7.092,7.98E-05
7.094,3.60E-04
7.096,0.00101
7.098,0.00107
7.1,7.62E-04
7.102,0.00103
7.104,8.97E-04
7.106,3.46E-04
7.108,6.63E-05
7.11,8.16E-06
7.112,4.99E-07
7.114,1.82E-09
7.116,0
7.118,0
7.12,0
7.122,0
7.124,0
7.126,0
7.128,0
7.13,0
7.132,0
7.134,0
7.136,0
7.138,0
7.14,0
7.142,0
7.144,0
7.146,0
7.148,0
7.15,0
7.152,0
7.154,0
7.156,0
7.158,0
7.16,0
7.162,0
7.164,0
7.166,0
7.168,0
7.17,0
7.172,0
7.174,0
7.176,0
7.178,0
7.18,0
7.182,0
7.184,0
7.186,0
7.188,0
7.19,0
7.192,0
7.194,0
7.196,0
7.198,0
7.2,0
7.202,0
7.204,0
7.206,0
7.208,0
7.21,0
7.212,0
7.214,8.21E-08
7.216,4.73E-06
7.218,7.07E-05
7.22,4.20E-04
7.222,0.00121
7.224,0.0022
7.226,0.00235
7.228,0.00199
7.23,0.00575
7.232,0.01074
7.234,0.00756
7.236,0.00502
7.238,0.01199
7.24,0.0192
7.242,0.01494
7.244,0.00535
7.246,7.79E-04
7.248,6.47E-05
7.25,1.45E-04
7.252,2.28E-04
7.254,1.02E-04
7.256,2.55E-05
7.258,7.99E-05
7.26,1.46E-04
7.262,9.70E-05
7.264,3.41E-05
7.266,5.84E-06
7.268,3.29E-07
7.27,4.74E-10
7.272,0
7.274,0
7.276,0
7.278,0
7.28,0
7.282,0
7.284,1.01E-08
7.286,9.33E-07
7.288,1.54E-05
7.29,8.97E-05
7.292,2.32E-04
7.294,5.95E-04
7.296,0.00143
7.298,0.00146
7.3,5.40E-04
7.302,6.77E-05
7.304,2.48E-06
7.306,1.00E-09
7.308,3.35E-06
7.31,9.86E-05
7.312,9.40E-04
7.314,0.00375
7.316,0.00754
7.318,0.0081
7.32,0.00452
7.322,0.00238
7.324,0.00164
7.326,6.72E-04
7.328,1.82E-04
7.33,2.66E-05
7.332,1.41E-06
7.334,1.05E-08
7.336,0
7.338,0
7.34,0
7.342,0
7.344,0
7.346,3.53E-09
7.348,9.15E-07
7.35,3.25E-05
7.352,3.98E-04
7.354,0.00192
7.356,0.00341
7.358,0.00236
7.36,0.00131
7.362,0.00258
7.364,0.01353
7.366,0.03261
7.368,0.03085
7.37,0.01783
7.372,0.0144
7.374,0.01066
7.376,0.0033
7.378,4.21E-04
7.38,4.17E-05
7.382,5.93E-04
7.384,0.00595
7.386,0.02401
7.388,0.04156
7.39,0.04317
7.392,0.05423
7.394,0.05961
7.396,0.06075
7.398,0.04223
7.4,0.02961
7.402,0.02574
7.404,0.0196
7.406,0.00956
7.408,0.00175
7.41,1.43E-04
7.412,6.39E-04
7.414,0.00522
7.416,0.01496
7.418,0.02276
7.42,0.0302
7.422,0.02234
7.424,0.01429
7.426,0.02141
7.428,0.0428
7.43,0.06844
7.432,0.09743
7.434,0.10662
7.436,0.08245
7.438,0.06439
7.44,0.05097
7.442,0.05114
7.444,0.04072
7.446,0.01813
7.448,0.0049
7.45,0.0027
7.452,0.00106
7.454,1.49E-04
7.456,6.53E-06
7.458,1.43E-08
7.46,0
7.462,0
7.464,0
7.466,0
7.468,0
7.47,0
7.472,0
7.474,0
7.476,0
7.478,6.88E-09
7.48,2.32E-06
7.482,7.29E-05
7.484,7.39E-04
7.486,0.00398
7.488,0.02097
7.49,0.06371
7.492,0.09179
7.494,0.08425
7.496,0.08483
7.498,0.06843
7.5,0.06314
7.502,0.05155
7.504,0.01681
7.506,0.02076
7.508,0.10078
7.51,0.23518
7.512,0.3122
7.514,0.28732
7.516,0.17617
7.518,0.05852
7.52,0.02145
7.522,0.05699
7.524,0.15697
7.526,0.23563
7.528,0.16492
7.53,0.05229
7.532,0.01408
7.534,0.01595
7.536,0.06929
7.538,0.13959
7.54,0.1292
7.542,0.14852
7.544,0.25042
7.546,0.28741
7.548,0.20901
7.55,0.14753
7.552,0.10899
7.554,0.08098
7.556,0.03831
7.558,0.04428
7.56,0.07363
7.562,0.05678
7.564,0.03022
7.566,0.03392
7.568,0.02847
7.57,0.00918
7.572,0.00107
7.574,5.09E-05
7.576,2.04E-06
7.578,7.27E-08
7.58,2.08E-09
7.582,6.22E-07
7.584,1.45E-05
7.586,9.44E-05
7.588,1.71E-04
7.59,8.66E-05
7.592,1.45E-05
7.594,6.25E-05
7.596,8.04E-04
7.598,0.00521
7.6,0.01394
7.602,0.01679
7.604,0.009
7.606,0.00214
7.608,0.00131
7.61,0.00102
7.612,2.46E-04
7.614,1.75E-05
7.616,8.26E-07
7.618,6.12E-05
7.62,0.00131
7.622,0.00875
7.624,0.02475
7.626,0.06575
7.628,0.12394
7.63,0.12779
7.632,0.12991
7.634,0.11862
7.636,0.1137
7.638,0.10696
7.64,0.06466
7.642,0.02302
7.644,0.00444
7.646,0.01351
7.648,0.05259
7.65,0.07078
7.652,0.03791
7.654,0.0135
7.656,0.003
7.658,3.81E-04
7.66,9.54E-04
7.662,0.00155
7.664,0.00119
7.666,0.00313
7.668,0.006
7.67,0.00436
7.672,0.00531
7.674,0.01374
7.676,0.02981
7.678,0.05101
7.68,0.04147
7.682,0.02167
7.684,0.04984
7.686,0.1148
7.688,0.15768
7.69,0.11014
7.692,0.04544
7.694,0.04852
7.696,0.12911
7.698,0.23587
7.7,0.20327
7.702,0.14195
7.704,0.08906
7.706,0.03478
7.708,0.0187
7.71,0.00896
7.712,0.00651
7.714,0.04306
7.716,0.11186
7.718,0.09972
7.72,0.0692
7.722,0.07867
7.724,0.07103
7.726,0.09692
7.728,0.12508
7.73,0.1579
7.732,0.13543
7.734,0.09886
7.736,0.10723
7.738,0.16549
7.74,0.27871
7.742,0.27657
7.744,0.23862
7.746,0.19966
7.748,0.09195
7.75,0.08371
7.752,0.12012
7.754,0.15455
7.756,0.14756
7.758,0.05661
7.76,0.00954
7.762,0.00171
7.764,2.42E-04
7.766,6.85E-04
7.768,0.00871
7.77,0.03979
7.772,0.0893
7.774,0.13006
7.776,0.15525
7.778,0.26975
7.78,0.3746
7.782,0.31616
7.784,0.17781
7.786,0.07417
7.788,0.06337
7.79,0.063
7.792,0.04641
7.794,0.05761
7.796,0.09519
7.798,0.17304
7.8,0.2245
7.802,0.15235
7.804,0.10396
7.806,0.1205
7.808,0.10453
7.81,0.06999
7.812,0.04603
7.814,0.12058
7.816,0.26254
7.818,0.29947
7.82,0.33863
7.822,0.37095
7.824,0.29492
7.826,0.23398
7.828,0.13624
7.83,0.10291
7.832,0.13155
7.834,0.1871
7.836,0.28109
7.838,0.27483
7.84,0.14862
7.842,0.10175
7.844,0.13529
7.846,0.21777
7.848,0.2785
7.85,0.18316
7.852,0.08433
7.854,0.07787
7.856,0.05437
7.858,0.01786
7.86,0.00431
7.862,5.78E-04
7.864,1.86E-04
7.866,0.00116
7.868,0.00475
7.87,0.00995
7.872,0.00753
7.874,0.00256
7.876,0.00477
7.878,0.01026
7.88,0.01126
7.882,0.00639
7.884,0.00182
7.886,0.00276
7.888,0.02376
7.89,0.10624
7.892,0.17765
7.894,0.11313
7.896,0.05123
7.898,0.03177
7.9,0.01673
7.902,0.02101
7.904,0.07298
7.906,0.16114
7.908,0.26424
7.91,0.23803
7.912,0.14614
7.914,0.16347
7.916,0.17647
7.918,0.22877
7.92,0.29498
7.922,0.21011
7.924,0.11992
7.926,0.12206
7.928,0.1067
7.93,0.04549
7.932,0.00736
7.934,5.16E-04
7.936,0.00147
7.938,0.01354
7.94,0.05105
7.942,0.09211
7.944,0.09457
7.946,0.12546
7.948,0.28838
7.95,0.4527
7.952,0.41653
7.954,0.34905
7.956,0.36422
7.958,0.32157
7.96,0.41183
7.962,0.56397
7.964,0.54439
7.966,0.42222
7.968,0.30208
7.97,0.2592
7.972,0.30747
7.974,0.27219
7.976,0.14505
7.978,0.18683
7.98,0.41752
7.982,0.48928
7.984,0.33604
7.986,0.37794
7.988,0.49167
7.99,0.38885
7.992,0.39735
7.994,0.5521
7.996,0.6107
7.998,0.61268
8,0.49741
8.002,0.4193
8.004,0.46962
8.006,0.53913
8.008,0.53843
8.01,0.49487
8.012,0.43049
8.014,0.33184
8.016,0.4997
8.018,0.67318
8.02,0.59822
8.022,0.46932
8.024,0.50173
8.026,0.4953
8.028,0.41782
8.03,0.33508
8.032,0.23081
8.034,0.12968
8.036,0.04487
8.038,0.02355
8.04,0.08459
8.042,0.18037
8.044,0.25266
8.046,0.28859
8.048,0.40814
8.05,0.52318
8.052,0.52451
8.054,0.6162
8.056,0.62321
8.058,0.52005
8.06,0.55759
8.062,0.61538
8.064,0.55323
8.066,0.55556
8.068,0.50371
8.07,0.417
8.072,0.49164
8.074,0.61925
8.076,0.68511
8.078,0.6636
8.08,0.59362
8.082,0.38277
8.084,0.35858
8.086,0.49495
8.088,0.46009
8.09,0.44502
8.092,0.61576
8.094,0.79342
8.096,0.84237
8.098,0.84881
8.1,0.85594
8.102,0.8563
8.104,0.83519
8.106,0.75695
8.108,0.72045
8.11,0.77351
8.112,0.7914
8.114,0.82596
8.116,0.85518
8.118,0.86288
8.12,0.8642
8.122,0.86557
8.124,0.85378
8.126,0.77938
8.128,0.63916
8.13,0.60595
8.132,0.62563
8.134,0.55109
8.136,0.60033
8.138,0.67312
8.14,0.76336
8.142,0.82578
8.144,0.8359
8.146,0.81781
8.148,0.75479
8.15,0.66329
8.152,0.649
8.154,0.60191
8.156,0.44394
8.158,0.26817
8.16,0.09423
8.162,0.0267
8.164,0.08871
8.166,0.29265
8.168,0.50662
8.17,0.61804
8.172,0.69224
8.174,0.71435
8.176,0.69546
8.178,0.62451
8.18,0.61993
8.182,0.65968
8.184,0.5936
8.186,0.63748
8.188,0.61378
8.19,0.50736
8.192,0.58507
8.194,0.63762
8.196,0.66158
8.198,0.6759
8.2,0.65096
8.202,0.58173
8.204,0.36774
8.206,0.15574
8.208,0.20656
8.21,0.45581
8.212,0.64434
8.214,0.74695
8.216,0.80649
8.218,0.81184
8.22,0.77262
8.222,0.7301
8.224,0.74112
8.226,0.70939
8.228,0.66297
8.23,0.61906
8.232,0.67184
8.234,0.78059
8.236,0.80644
8.238,0.78658
8.24,0.73927
8.242,0.63415
8.244,0.45371
8.246,0.242
8.248,0.07499
8.25,0.04696
8.252,0.1248
8.254,0.14867
8.256,0.15005
8.258,0.33231
8.26,0.5653
8.262,0.70225
8.264,0.74505
8.266,0.7766
8.268,0.79803
8.27,0.78644
8.272,0.75124
8.274,0.76703
8.276,0.8331
8.278,0.85362
8.28,0.85173
8.282,0.84816
8.284,0.85094
8.286,0.84712
8.288,0.76439
8.29,0.63823
8.292,0.63214
8.294,0.77289
8.296,0.84896
8.298,0.8525
8.3,0.86484
8.302,0.88126
8.304,0.88102
8.306,0.86943
8.308,0.85879
8.31,0.85831
8.312,0.86526
8.314,0.86495
8.316,0.86095
8.318,0.86623
8.32,0.86602
8.322,0.85349
8.324,0.84583
8.326,0.8474
8.328,0.8621
8.33,0.86567
8.332,0.85574
8.334,0.83975
8.336,0.81288
8.338,0.77524
8.34,0.69684
8.342,0.51169
8.344,0.23917
8.346,0.10485
8.348,0.2451
8.35,0.51249
8.352,0.70285
8.354,0.78715
8.356,0.80965
8.358,0.80258
8.36,0.79182
8.362,0.81713
8.364,0.8422
8.366,0.84691
8.368,0.84688
8.37,0.86238
8.372,0.87707
8.374,0.86157
8.376,0.82235
8.378,0.75153
8.38,0.76145
8.382,0.81114
8.384,0.81879
8.386,0.82791
8.388,0.83042
8.39,0.8257
8.392,0.76294
8.394,0.66787
8.396,0.69192
8.398,0.76826
8.4,0.77311
8.402,0.8055
8.404,0.83098
8.406,0.82213
8.408,0.83434
8.41,0.82134
8.412,0.79047
8.414,0.78461
8.416,0.74379
8.418,0.63356
8.42,0.45973
8.422,0.22171
8.424,0.06747
8.426,0.12118
8.428,0.34326
8.43,0.5518
8.432,0.66939
8.434,0.71955
8.436,0.73746
8.438,0.78272
8.44,0.82503
8.442,0.8007
8.444,0.76519
8.446,0.79208
8.448,0.81628
8.45,0.82516
8.452,0.85308
8.454,0.83988
8.456,0.82548
8.458,0.85082
8.46,0.84027
8.462,0.81851
8.464,0.83106
8.466,0.7671
8.468,0.63673
8.47,0.68646
8.472,0.79142
8.474,0.80688
8.476,0.83764
8.478,0.84708
8.48,0.81236
8.482,0.78526
8.484,0.75074
8.486,0.76326
8.488,0.81229
8.49,0.83387
8.492,0.80792
8.494,0.80279
8.496,0.80286
8.498,0.74679
8.5,0.72388
8.502,0.75754
8.504,0.73628
8.506,0.67593
8.508,0.58061
8.51,0.37534
8.512,0.14305
8.514,0.04212
8.516,0.0902
8.518,0.17562
8.52,0.26104
8.522,0.46213
8.524,0.65243
8.526,0.76694
8.528,0.80063
8.53,0.79879
8.532,0.82597
8.534,0.82793
8.536,0.80549
8.538,0.83364
8.54,0.85116
8.542,0.84343
8.544,0.84684
8.546,0.83339
8.548,0.83248
8.55,0.84757
8.552,0.8364
8.554,0.84856
8.556,0.87562
8.558,0.88525
8.56,0.88718
8.562,0.88468
8.564,0.8809
8.566,0.87128
8.568,0.84867
8.57,0.83748
8.572,0.81662
8.574,0.70006
8.576,0.48161
8.578,0.36248
8.58,0.25224
8.582,0.17123
8.584,0.33405
8.586,0.6235
8.588,0.77877
8.59,0.79011
8.592,0.78492
8.594,0.82175
8.596,0.84311
8.598,0.84107
8.6,0.84384
8.602,0.83523
8.604,0.83659
8.606,0.85168
8.608,0.83932
8.61,0.8337
8.612,0.86239
8.614,0.85917
8.616,0.83517
8.618,0.85213
8.62,0.85028
8.622,0.83218
8.624,0.85734
8.626,0.85186
8.628,0.82128
8.63,0.84856
8.632,0.85184
8.634,0.8223
8.636,0.8529
8.638,0.86259
8.64,0.82932
8.642,0.84726
8.644,0.86019
8.646,0.83127
8.648,0.84467
8.65,0.85288
8.652,0.82564
8.654,0.84521
8.656,0.85436
8.658,0.81344
8.66,0.80732
8.662,0.82161
8.664,0.81833
8.666,0.83791
8.668,0.84782
8.67,0.79602
8.672,0.76681
8.674,0.69848
8.676,0.4755
8.678,0.43344
8.68,0.60811
8.682,0.56607
8.684,0.46867
8.686,0.62181
8.688,0.75794
8.69,0.81564
8.692,0.82788
8.694,0.77438
8.696,0.68407
8.698,0.46942
8.7,0.3415
8.702,0.55977
8.704,0.76505
8.706,0.8007
8.708,0.82645
8.71,0.85624
8.712,0.83501
8.714,0.84367
8.716,0.86433
8.718,0.83893
8.72,0.84231
8.722,0.86512
8.724,0.85497
8.726,0.85902
8.728,0.87568
8.73,0.86062
8.732,0.85901
8.734,0.87121
8.736,0.86133
8.738,0.86312
8.74,0.87853
8.742,0.85944
8.744,0.84704
8.746,0.85603
8.748,0.86036
8.75,0.87311
8.752,0.88885
8.754,0.87858
8.756,0.86353
8.758,0.85638
8.76,0.83119
8.762,0.84727
8.764,0.88332
8.766,0.88068
8.768,0.86379
8.77,0.86558
8.772,0.86463
8.774,0.87177
8.776,0.88227
8.778,0.8729
8.78,0.8513
8.782,0.84816
8.784,0.83564
8.786,0.80432
8.788,0.69728
8.79,0.44325
8.792,0.29224
8.794,0.46812
8.796,0.65825
8.798,0.69753
8.8,0.60725
8.802,0.37216
8.804,0.13608
8.806,0.13258
8.808,0.37309
8.81,0.63454
8.812,0.77051
8.814,0.7984
8.816,0.80361
8.818,0.82172
8.82,0.82762
8.822,0.83984
8.824,0.867
8.826,0.86292
8.828,0.84567
8.83,0.86845
8.832,0.88528
8.834,0.8636
8.836,0.8586
8.838,0.8632
8.84,0.85017
8.842,0.85971
8.844,0.86618
8.846,0.85638
8.848,0.85432
8.85,0.86353
8.852,0.879
8.854,0.87316
8.856,0.86276
8.858,0.86491
8.86,0.88509
8.862,0.90386
8.864,0.89073
8.866,0.86153
8.868,0.86943
8.87,0.87771
8.872,0.86234
8.874,0.87896
8.876,0.90272
8.878,0.89227
8.88,0.85463
8.882,0.85273
8.884,0.86863
8.886,0.87143
8.888,0.86644
8.89,0.86212
8.892,0.86401
8.894,0.84926
8.896,0.83249
8.898,0.8301
8.9,0.862
8.902,0.89055
8.904,0.90266
8.906,0.88808
8.908,0.83811
8.91,0.82656
8.912,0.85689
8.914,0.81583
8.916,0.62082
8.918,0.34537
8.92,0.28298
8.922,0.42575
8.924,0.66932
8.926,0.82975
8.928,0.88035
8.93,0.89038
8.932,0.86651
8.934,0.84035
8.936,0.8314
8.938,0.84038
8.94,0.87193
8.942,0.87932
8.944,0.85924
8.946,0.84095
8.948,0.84219
8.95,0.86398
8.952,0.85398
8.954,0.85634
8.956,0.87527
8.958,0.88892
8.96,0.89904
8.962,0.90907
8.964,0.89233
8.966,0.86296
8.968,0.87056
8.97,0.88706
8.972,0.8854
8.974,0.88756
8.976,0.88735
8.978,0.89304
8.98,0.88556
8.982,0.87969
8.984,0.88447
8.986,0.88688
8.988,0.88557
8.99,0.86999
8.992,0.82563
8.994,0.65812
8.996,0.40525
8.998,0.44159
9,0.67767
9.002,0.80736
9.004,0.84894
9.006,0.86334
9.008,0.87772
9.01,0.89308
9.012,0.90542
9.014,0.89914
9.016,0.90126
9.018,0.90107
9.02,0.87899
9.022,0.87889
9.024,0.89006
9.026,0.88083
9.028,0.86258
9.03,0.8364
9.032,0.72938
9.034,0.48221
9.036,0.3816
9.038,0.6072
9.04,0.79813
9.042,0.8707
9.044,0.88541
9.046,0.87599
9.048,0.88016
9.05,0.89627
9.052,0.90271
9.054,0.9004
9.056,0.88724
9.058,0.87858
9.06,0.89367
9.062,0.89384
9.064,0.88416
9.066,0.89507
9.068,0.89331
9.07,0.87705
9.072,0.85057
9.074,0.81438
9.076,0.69577
9.078,0.48464
9.08,0.50166
9.082,0.72417
9.084,0.84449
9.086,0.87611
9.088,0.8597
9.09,0.79316
9.092,0.62149
9.094,0.53872
9.096,0.71633
9.098,0.84576
9.1,0.87372
9.102,0.87664
9.104,0.88208
9.106,0.88974
9.108,0.89432
9.11,0.89092
9.112,0.89557
9.114,0.9033
9.116,0.89953
9.118,0.892
9.12,0.89095
9.122,0.89913
9.124,0.89909
9.126,0.8988
9.128,0.89515
9.13,0.89146
9.132,0.87216
9.134,0.85711
9.136,0.87075
9.138,0.87746
9.14,0.87537
9.142,0.87748
9.144,0.88572
9.146,0.88689
9.148,0.88327
9.15,0.88456
9.152,0.88551
9.154,0.88544
9.156,0.87789
9.158,0.87051
9.16,0.83575
9.162,0.68135
9.164,0.50826
9.166,0.62482
9.168,0.81074
9.17,0.87177
9.172,0.87579
9.174,0.8656
9.176,0.86929
9.178,0.87695
9.18,0.87773
9.182,0.87022
9.184,0.8697
9.186,0.87637
9.188,0.87358
9.19,0.84616
9.192,0.82434
9.194,0.84006
9.196,0.85088
9.198,0.85789
9.2,0.85432
9.202,0.86712
9.204,0.88485
9.206,0.88005
9.208,0.85447
9.21,0.81166
9.212,0.77361
9.214,0.80065
9.216,0.85445
9.218,0.85239
9.22,0.83304
9.222,0.85924
9.224,0.88219
9.226,0.87954
9.228,0.85429
9.23,0.83918
9.232,0.86669
9.234,0.88518
9.236,0.88332
9.238,0.85008
9.24,0.82716
9.242,0.85583
9.244,0.86153
9.246,0.82212
9.248,0.73435
9.25,0.73297
9.252,0.82937
9.254,0.87533
9.256,0.87478
9.258,0.85143
9.26,0.80488
9.262,0.82796
9.264,0.88518
9.266,0.89873
9.268,0.87462
9.27,0.81994
9.272,0.8085
9.274,0.86464
9.276,0.88857
9.278,0.87753
9.28,0.84376
9.282,0.79318
9.284,0.82505
9.286,0.87033
9.288,0.88007
9.29,0.85885
9.292,0.76668
9.294,0.73771
9.296,0.82864
9.298,0.87469
9.3,0.84549
9.302,0.75534
9.304,0.6482
9.306,0.50339
9.308,0.50242
9.31,0.7135
9.312,0.84654
9.314,0.86138
9.316,0.80105
9.318,0.78284
9.32,0.83357
9.322,0.81813
9.324,0.81358
9.326,0.84592
9.328,0.81421
9.33,0.79408
9.332,0.84033
9.334,0.87034
9.336,0.87757
9.338,0.8553
9.34,0.79844
9.342,0.77514
9.344,0.82281
9.346,0.84088
9.348,0.85109
9.35,0.85391
9.352,0.79148
9.354,0.70476
9.356,0.68419
9.358,0.72671
9.36,0.7569
9.362,0.76036
9.364,0.76501
9.366,0.70256
9.368,0.69103
9.37,0.73748
9.372,0.69164
9.374,0.60911
9.376,0.52611
9.378,0.34238
9.38,0.26014
9.382,0.3857
9.384,0.55509
9.386,0.64768
9.388,0.61664
9.39,0.57665
9.392,0.53526
9.394,0.51669
9.396,0.53727
9.398,0.59954
9.4,0.53226
9.402,0.40323
9.404,0.41389
9.406,0.49503
9.408,0.51599
9.41,0.37995
9.412,0.29038
9.414,0.38186
9.416,0.42677
9.418,0.36775
9.42,0.33207
9.422,0.35257
9.424,0.30783
9.426,0.33176
9.428,0.34654
9.43,0.27046
9.432,0.21405
9.434,0.25629
9.436,0.30451
9.438,0.31416
9.44,0.32117
9.442,0.31683
9.444,0.31676
9.446,0.30825
9.448,0.21508
9.45,0.26446
9.452,0.38409
9.454,0.3441
9.456,0.3183
9.458,0.22129
9.46,0.21723
9.462,0.34267
9.464,0.33892
9.466,0.20359
9.468,0.13744
9.47,0.15063
9.472,0.22012
9.474,0.25948
9.476,0.22496
9.478,0.18719
9.48,0.20739
9.482,0.31011
9.484,0.29196
9.486,0.19296
9.488,0.21104
9.49,0.21395
9.492,0.18463
9.494,0.21728
9.496,0.19897
9.498,0.21025
9.5,0.27314
9.502,0.21083
9.504,0.13948
9.506,0.20947
9.508,0.28642
9.51,0.26483
9.512,0.27798
9.514,0.22265
9.516,0.14768
9.518,0.15981
9.52,0.16477
9.522,0.21879
9.524,0.3594
9.526,0.34935
9.528,0.22862
9.53,0.22812
9.532,0.24353
9.534,0.25632
9.536,0.35469
9.538,0.37788
9.54,0.26103
9.542,0.22174
9.544,0.25191
9.546,0.2605
9.548,0.35075
9.55,0.45116
9.552,0.40157
9.554,0.33809
9.556,0.41657
9.558,0.40801
9.56,0.38313
9.562,0.50223
9.564,0.61926
9.566,0.61687
9.568,0.52576
9.57,0.52768
9.572,0.51784
9.574,0.53427
9.576,0.68936
9.578,0.78522
9.58,0.76213
9.582,0.73845
9.584,0.75701
9.586,0.71325
9.588,0.69116
9.59,0.716
9.592,0.7028
9.594,0.68046
9.596,0.59493
9.598,0.40102
9.6,0.23341
9.602,0.1833
9.604,0.1706
9.606,0.18229
9.608,0.19095
9.61,0.17969
9.612,0.20277
9.614,0.20935
9.616,0.19543
9.618,0.17785
9.62,0.14117
9.622,0.16825
9.624,0.23152
9.626,0.22936
9.628,0.17724
9.63,0.1719
9.632,0.22964
9.634,0.27733
9.636,0.25368
9.638,0.22665
9.64,0.25319
9.642,0.27896
9.644,0.24127
9.646,0.22801
9.648,0.27557
9.65,0.30678
9.652,0.3072
9.654,0.31887
9.656,0.31582
9.658,0.32724
9.66,0.30888
9.662,0.26872
9.664,0.23124
9.666,0.31699
9.668,0.37294
9.67,0.36542
9.672,0.35148
9.674,0.40469
9.676,0.42574
9.678,0.34422
9.68,0.30076
9.682,0.31306
9.684,0.38484
9.686,0.3994
9.688,0.40061
9.69,0.38182
9.692,0.40477
9.694,0.38671
9.696,0.34863
9.698,0.34308
9.7,0.33346
9.702,0.40784
9.704,0.42777
9.706,0.43807
9.708,0.39486
9.71,0.38107
9.712,0.36707
9.714,0.34184
9.716,0.34638
9.718,0.28303
9.72,0.33104
9.722,0.34298
9.724,0.2877
9.726,0.27309
9.728,0.3633
9.73,0.44702
9.732,0.39601
9.734,0.38512
9.736,0.33468
9.738,0.33567
9.74,0.4161
9.742,0.39719
9.744,0.40536
9.746,0.39698
9.748,0.45268
9.75,0.4471
9.752,0.36924
9.754,0.37847
9.756,0.34596
9.758,0.38033
9.76,0.38925
9.762,0.37604
9.764,0.40468
9.766,0.39834
9.768,0.45331
9.77,0.43323
9.772,0.37462
9.774,0.37537
9.776,0.34872
9.778,0.41614
9.78,0.42543
9.782,0.3751
9.784,0.40644
9.786,0.43741
9.788,0.48709
9.79,0.4397
9.792,0.35381
9.794,0.38265
9.796,0.38592
9.798,0.42055
9.8,0.42554
9.802,0.36705
9.804,0.40795
9.806,0.44835
9.808,0.4915
9.81,0.51011
9.812,0.41546
9.814,0.38604
9.816,0.38277
9.818,0.41439
9.82,0.47403
9.822,0.40218
9.824,0.33502
9.826,0.37765
9.828,0.4365
9.83,0.50272
9.832,0.49678
9.834,0.45163
9.836,0.44798
9.838,0.43067
9.84,0.48694
9.842,0.54634
9.844,0.51842
9.846,0.50815
9.848,0.48499
9.85,0.52275
9.852,0.54872
9.854,0.46947
9.856,0.3678
9.858,0.32337
9.86,0.38112
9.862,0.49559
9.864,0.55395
9.866,0.53944
9.868,0.53033
9.87,0.51547
9.872,0.55804
9.874,0.595
9.876,0.54363
9.878,0.52884
9.88,0.48496
9.882,0.436
9.884,0.5443
9.886,0.60881
9.888,0.57544
9.89,0.5596
9.892,0.47645
9.894,0.48475
9.896,0.57886
9.898,0.53297
9.9,0.45205
9.902,0.49594
9.904,0.47836
9.906,0.51302
9.908,0.62958
9.91,0.62744
9.912,0.65586
9.914,0.66285
9.916,0.60004
9.918,0.61815
9.92,0.62584
9.922,0.60587
9.924,0.64724
9.926,0.6383
9.928,0.54149
9.93,0.58779
9.932,0.66365
9.934,0.64894
9.936,0.67504
9.938,0.66139
9.94,0.6154
9.942,0.64309
9.944,0.64744
9.946,0.64986
9.948,0.69394
9.95,0.68428
9.952,0.59299
9.954,0.60624
9.956,0.64288
9.958,0.66444
9.96,0.7078
9.962,0.67548
9.964,0.63219
9.966,0.64802
9.968,0.65239
9.97,0.68109
9.972,0.74295
9.974,0.7664
9.976,0.70158
9.978,0.65242
9.98,0.6808
9.982,0.72868
9.984,0.78391
9.986,0.79383
9.988,0.77342
9.99,0.74065
9.992,0.68326
9.994,0.68082
9.996,0.69058
9.998,0.71199
10,0.73139
10.002,0.70543
10.004,0.66724
10.006,0.71553
10.008,0.78437
10.01,0.76836
10.012,0.74147
10.014,0.79131
10.016,0.7618
10.018,0.70567
10.02,0.74957
10.022,0.81202
10.024,0.81991
10.026,0.80193
10.028,0.76541
10.03,0.72572
10.032,0.78793
10.034,0.84541
10.036,0.84679
10.038,0.8488
10.04,0.85225
10.042,0.78873
10.044,0.73797
10.046,0.79174
10.048,0.84272
10.05,0.84235
10.052,0.83592
10.054,0.7976
10.056,0.75336
10.058,0.79544
10.06,0.85127
10.062,0.86159
10.064,0.86889
10.066,0.86925
10.068,0.83585
10.07,0.78914
10.072,0.80407
10.074,0.85751
10.076,0.86244
10.078,0.85637
10.08,0.83969
10.082,0.82146
10.084,0.81359
10.086,0.84061
10.088,0.86826
10.09,0.88257
10.092,0.88508
10.094,0.8708
10.096,0.85268
10.098,0.82339
10.1,0.84557
10.102,0.87889
10.104,0.88184
10.106,0.87336
10.108,0.86511
10.11,0.85901
10.112,0.84917
10.114,0.86746
10.116,0.89035
10.118,0.89827
10.12,0.89254
10.122,0.89124
10.124,0.88419
10.126,0.85857
10.128,0.86384
10.13,0.88571
10.132,0.89311
10.134,0.88161
10.136,0.88207
10.138,0.89014
10.14,0.87795
10.142,0.88114
10.144,0.90023
10.146,0.89455
10.148,0.88796
10.15,0.90271
10.152,0.90375
10.154,0.88187
10.156,0.866
10.158,0.86744
10.16,0.8534
10.162,0.85231
10.164,0.88456
10.166,0.9004
10.168,0.88753
10.17,0.87159
10.172,0.89221
10.174,0.91065
10.176,0.91594
10.178,0.91381
10.18,0.89321
10.182,0.86516
10.184,0.8687
10.186,0.89098
10.188,0.89586
10.19,0.89623
10.192,0.89465
10.194,0.87639
10.196,0.88593
10.198,0.90394
10.2,0.90978
10.202,0.91528
10.204,0.91041
10.206,0.88342
10.208,0.87928
10.21,0.90801
10.212,0.91518
10.214,0.9085
10.216,0.90368
10.218,0.88264
10.22,0.85962
10.222,0.88607
10.224,0.91262
10.226,0.91364
10.228,0.87736
10.23,0.79366
10.232,0.7672
10.234,0.83128
10.236,0.89674
10.238,0.91753
10.24,0.91744
10.242,0.90023
10.244,0.81731
10.246,0.69188
10.248,0.74777
10.25,0.87469
10.252,0.91704
10.254,0.92273
10.256,0.91782
10.258,0.88838
10.26,0.84418
10.262,0.86427
10.264,0.87465
10.266,0.79547
10.268,0.78089
10.27,0.82686
10.272,0.77351
10.274,0.76639
10.276,0.84679
10.278,0.90623
10.28,0.92218
10.282,0.91861
10.284,0.90641
10.286,0.88662
10.288,0.83874
10.29,0.82128
10.292,0.81393
10.294,0.76891
10.296,0.80078
10.298,0.88541
10.3,0.90311
10.302,0.8565
10.304,0.83557
10.306,0.88647
10.308,0.91786
10.31,0.92676
10.312,0.9292
10.314,0.92446
10.316,0.89559
10.318,0.85112
10.32,0.87344
10.322,0.9164
10.324,0.92804
10.326,0.92984
10.328,0.9291
10.33,0.91933
10.332,0.8824
10.334,0.85836
10.336,0.89578
10.338,0.92027
10.34,0.90198
10.342,0.85567
10.344,0.86855
10.346,0.90183
10.348,0.87744
10.35,0.8588
10.352,0.87221
10.354,0.89286
10.356,0.91929
10.358,0.92963
10.36,0.93018
10.362,0.92048
10.364,0.89271
10.366,0.88821
10.368,0.91633
10.37,0.92988
10.372,0.93212
10.374,0.93232
10.376,0.93215
10.378,0.927
10.38,0.90976
10.382,0.90396
10.384,0.9215
10.386,0.93127
10.388,0.93294
10.39,0.93312
10.392,0.93236
10.394,0.92682
10.396,0.91683
10.398,0.91703
10.4,0.92601
10.402,0.92935
10.404,0.92765
10.406,0.92853
10.408,0.93026
10.41,0.92921
10.412,0.92876
10.414,0.92989
10.416,0.92276
10.418,0.90071
10.42,0.87882
10.422,0.87933
10.424,0.88728
10.426,0.90399
10.428,0.922
10.43,0.92787
10.432,0.93119
10.434,0.93234
10.436,0.93043
10.438,0.91728
10.44,0.89429
10.442,0.90247
10.444,0.92474
10.446,0.93159
10.448,0.93228
10.45,0.93214
10.452,0.93143
10.454,0.92659
10.456,0.90337
10.458,0.87348
10.46,0.885
10.462,0.87973
10.464,0.85354
10.466,0.81171
10.468,0.72057
10.47,0.78041
10.472,0.88529
10.474,0.88927
10.476,0.86001
10.478,0.88251
10.48,0.90731
10.482,0.9155
10.484,0.9209
10.486,0.89421
10.488,0.81085
10.49,0.79613
10.492,0.85399
10.494,0.84806
10.496,0.87287
10.498,0.91616
10.5,0.92924
10.502,0.93122
10.504,0.93144
10.506,0.93099
10.508,0.9281
10.51,0.90972
10.512,0.86113
10.514,0.85602
10.516,0.90533
10.518,0.92735
10.52,0.93043
10.522,0.93059
10.524,0.93049
10.526,0.92958
10.528,0.92164
10.53,0.88444
10.532,0.84362
10.534,0.87722
10.536,0.91537
10.538,0.92157
10.54,0.91087
10.542,0.84733
10.544,0.65334
10.546,0.54846
10.548,0.72119
10.55,0.81895
10.552,0.83737
10.554,0.89237
10.556,0.92108
10.558,0.92447
10.56,0.91479
10.562,0.88765
10.564,0.88348
10.566,0.90912
10.568,0.90477
10.57,0.85979
10.572,0.85809
10.574,0.90596
10.576,0.92585
10.578,0.92817
10.58,0.92051
10.582,0.89364
10.584,0.88377
10.586,0.90568
10.588,0.89933
10.59,0.85821
10.592,0.85909
10.594,0.90458
10.596,0.9256
10.598,0.92971
10.6,0.93015
10.602,0.93067
10.604,0.93028
10.606,0.92843
10.608,0.91715
10.61,0.87872
10.612,0.86452
10.614,0.90364
10.616,0.92611
10.618,0.92971
10.62,0.92855
10.622,0.92558
10.624,0.91107
10.626,0.88028
10.628,0.88093
10.63,0.8844
10.632,0.86588
10.634,0.8921
10.636,0.92086
10.638,0.92797
10.64,0.92851
10.642,0.92924
10.644,0.92964
10.646,0.93024
10.648,0.92914
10.65,0.91718
10.652,0.88591
10.654,0.88236
10.656,0.91414
10.658,0.92749
10.66,0.92871
10.662,0.93001
10.664,0.93034
10.666,0.92764
10.668,0.92372
10.67,0.92322
10.672,0.91243
10.674,0.88636
10.676,0.89533
10.678,0.9206
10.68,0.92821
10.682,0.92946
10.684,0.93023
10.686,0.9311
10.688,0.93095
10.69,0.92949
10.692,0.92584
10.694,0.91226
10.696,0.89306
10.698,0.90428
10.7,0.92398
10.702,0.93005
10.704,0.93088
10.706,0.93007
10.708,0.92934
10.71,0.93023
10.712,0.93067
10.714,0.92869
10.716,0.91857
10.718,0.9019
10.72,0.90843
10.722,0.924
10.724,0.92768
10.726,0.92763
10.728,0.92851
10.73,0.92914
10.732,0.92925
10.734,0.92974
10.736,0.92916
10.738,0.92388
10.74,0.91029
10.742,0.90809
10.744,0.92086
10.746,0.92789
10.748,0.92965
10.75,0.92892
10.752,0.92808
10.754,0.92898
10.756,0.92994
10.758,0.92953
10.76,0.92665
10.762,0.9116
10.764,0.89056
10.766,0.89675
10.768,0.90852
10.77,0.92027
10.772,0.92815
10.774,0.9299
10.776,0.93012
10.778,0.93003
10.78,0.92969
10.782,0.92858
10.784,0.9253
10.786,0.91792
10.788,0.91593
10.79,0.92405
10.792,0.92818
10.794,0.92846
10.796,0.92779
10.798,0.92603
10.8,0.92311
10.802,0.91674
10.804,0.89978
10.806,0.87478
10.808,0.78142
10.81,0.57941
10.812,0.58868
10.814,0.7967
10.816,0.89488
10.818,0.91644
10.82,0.92249
10.822,0.92463
10.824,0.92587
10.826,0.92666
10.828,0.92665
10.83,0.92525
10.832,0.92133
10.834,0.91633
10.836,0.91525
10.838,0.91388
10.84,0.88496
10.842,0.75262
10.844,0.57398
10.846,0.66721
10.848,0.84681
10.85,0.89431
10.852,0.87765
10.854,0.88031
10.856,0.91061
10.858,0.92128
10.86,0.9212
10.862,0.92435
10.864,0.92707
10.866,0.92713
10.868,0.92693
10.87,0.92712
10.872,0.92783
10.874,0.92857
10.876,0.92868
10.878,0.92816
10.88,0.92675
10.882,0.92382
10.884,0.90927
10.886,0.86127
10.888,0.83526
10.89,0.88665
10.892,0.92096
10.894,0.9274
10.896,0.92833
10.898,0.92816
10.9,0.92704
10.902,0.92672
10.904,0.92792
10.906,0.92838
10.908,0.92699
10.91,0.92515
10.912,0.92659
10.914,0.9284
10.916,0.92874
10.918,0.92828
10.92,0.92713
10.922,0.92692
10.924,0.92798
10.926,0.92837
10.928,0.92749
10.93,0.92493
10.932,0.92401
10.934,0.92537
10.936,0.92414
10.938,0.91095
10.94,0.8716
10.942,0.86617
10.944,0.90661
10.946,0.92441
10.948,0.92645
10.95,0.9263
10.952,0.92637
10.954,0.9273
10.956,0.92748
10.958,0.92637
10.96,0.92537
10.962,0.92516
10.964,0.92553
10.966,0.92649
10.968,0.92631
10.97,0.92483
10.972,0.92427
10.974,0.92517
10.976,0.9258
10.978,0.92294
10.98,0.91695
10.982,0.91555
10.984,0.90593
10.986,0.89659
10.988,0.9075
10.99,0.91571
10.992,0.91537
10.994,0.90995
10.996,0.89128
10.998,0.80681
11,0.57685
11.002,0.4499
11.004,0.66004
11.006,0.84586
11.008,0.8998
11.01,0.91199
11.012,0.9123
11.014,0.91408
11.016,0.91899
11.018,0.92262
11.02,0.92463
11.022,0.92483
11.024,0.92336
11.026,0.91688
11.028,0.90634
11.03,0.90727
11.032,0.88319
11.034,0.82985
11.036,0.85714
11.038,0.91031
11.04,0.92278
11.042,0.91725
11.044,0.90639
11.046,0.91176
11.048,0.92266
11.05,0.92559
11.052,0.92553
11.054,0.92583
11.056,0.92635
11.058,0.92627
11.06,0.92576
11.062,0.92551
11.064,0.92508
11.066,0.9252
11.068,0.92608
11.07,0.92637
11.072,0.92621
11.074,0.9255
11.076,0.92399
11.078,0.92229
11.08,0.92154
11.082,0.92055
11.084,0.92169
11.086,0.92386
11.088,0.92546
11.09,0.92612
11.092,0.92621
11.094,0.92618
11.096,0.92605
11.098,0.92565
11.1,0.92543
11.102,0.92566
11.104,0.9252
11.106,0.92398
11.108,0.92432
11.11,0.92554
11.112,0.92592
11.114,0.92593
11.116,0.92588
11.118,0.92573
11.12,0.9255
11.122,0.92525
11.124,0.92496
11.126,0.92438
11.128,0.92366
11.13,0.92367
11.132,0.92249
11.134,0.91983
11.136,0.9157
11.138,0.89588
11.14,0.88259
11.142,0.90566
11.144,0.92126
11.146,0.9238
11.148,0.92322
11.15,0.92238
11.152,0.91819
11.154,0.91007
11.156,0.91408
11.158,0.92112
11.16,0.91946
11.162,0.91735
11.164,0.9212
11.166,0.92405
11.168,0.92439
11.17,0.92368
11.172,0.92331
11.174,0.92404
11.176,0.92453
11.178,0.92446
11.18,0.9244
11.182,0.92449
11.184,0.92451
11.186,0.92449
11.188,0.92443
11.19,0.92421
11.192,0.92355
11.194,0.92318
11.196,0.92363
11.198,0.92384
11.2,0.92389
11.202,0.92383
11.204,0.92368
11.206,0.92362
11.208,0.92347
11.21,0.92314
11.212,0.92248
11.214,0.91995
11.216,0.90363
11.218,0.84585
11.22,0.81773
11.222,0.87827
11.224,0.91475
11.226,0.92009
11.228,0.917
11.23,0.90757
11.232,0.89023
11.234,0.8553
11.236,0.86345
11.238,0.90289
11.24,0.91736
11.242,0.91975
11.244,0.91966
11.246,0.91823
11.248,0.91179
11.25,0.87311
11.252,0.77475
11.254,0.76506
11.256,0.86235
11.258,0.90527
11.26,0.90952
11.262,0.90528
11.264,0.89396
11.266,0.85536
11.268,0.71312
11.27,0.44924
11.272,0.41937
11.274,0.67724
11.276,0.84286
11.278,0.8907
11.28,0.90532
11.282,0.91149
11.284,0.91446
11.286,0.9159
11.288,0.9166
11.29,0.91713
11.292,0.91827
11.294,0.91888
11.296,0.9188
11.298,0.91864
11.3,0.9181
11.302,0.91631
11.304,0.91455
11.306,0.9128
11.308,0.90521
11.31,0.86744
11.312,0.72396
11.314,0.56675
11.316,0.68208
11.318,0.8492
11.32,0.89746
11.322,0.88775
11.324,0.86708
11.326,0.88905
11.328,0.91275
11.33,0.91795
11.332,0.91865
11.334,0.91875
11.336,0.9189
11.338,0.91873
11.34,0.91801
11.342,0.91653
11.344,0.9113
11.346,0.88131
11.348,0.78082
11.35,0.72021
11.352,0.81979
11.354,0.89653
11.356,0.91358
11.358,0.9166
11.36,0.91754
11.362,0.91808
11.364,0.91809
11.366,0.91745
11.368,0.91699
11.37,0.91664
11.372,0.91527
11.374,0.91197
11.376,0.90377
11.378,0.87428
11.38,0.75566
11.382,0.5763
11.384,0.63505
11.386,0.8174
11.388,0.88873
11.39,0.90547
11.392,0.91275
11.394,0.91576
11.396,0.91709
11.398,0.91781
11.4,0.91817
11.402,0.91852
11.404,0.91881
11.406,0.91892
11.408,0.91891
11.41,0.91881
11.412,0.91758
11.414,0.91023
11.416,0.9013
11.418,0.90861
11.42,0.91695
11.422,0.91851
11.424,0.91835
11.426,0.91845
11.428,0.9189
11.43,0.91905
11.432,0.91901
11.434,0.91886
11.436,0.91857
11.438,0.91834
11.44,0.91838
11.442,0.91843
11.444,0.91845
11.446,0.91837
11.448,0.91822
11.45,0.91804
11.452,0.91781
11.454,0.91746
11.456,0.91713
11.458,0.91678
11.46,0.91612
11.462,0.91505
11.464,0.9132
11.466,0.91096
11.468,0.90868
11.47,0.90276
11.472,0.88346
11.474,0.80181
11.476,0.57695
11.478,0.44044
11.48,0.64227
11.482,0.83337
11.484,0.89056
11.486,0.90467
11.488,0.90989
11.49,0.9125
11.492,0.91399
11.494,0.91491
11.496,0.91552
11.498,0.91595
11.5,0.91622
11.502,0.91636
11.504,0.9165
11.506,0.91667
11.508,0.91677
11.51,0.91681
11.512,0.9168
11.514,0.91679
11.516,0.91677
11.518,0.91676
11.52,0.91673
11.522,0.91665
11.524,0.91655
11.526,0.91648
11.528,0.9164
11.53,0.91629
11.532,0.91614
11.534,0.91594
11.536,0.91554
11.538,0.91408
11.54,0.91142
11.542,0.91147
11.544,0.91259
11.546,0.91131
11.548,0.90629
11.55,0.88433
11.552,0.78851
11.554,0.62335
11.556,0.65969
11.558,0.79599
11.56,0.77728
11.562,0.77199
11.564,0.85855
11.566,0.90126
11.568,0.90902
11.57,0.91129
11.572,0.91261
11.574,0.91345
11.576,0.91401
11.578,0.91441
11.58,0.91468
11.582,0.91486
11.584,0.91497
11.586,0.91502
11.588,0.91499
11.59,0.91479
11.592,0.91385
11.594,0.91243
11.596,0.91303
11.598,0.91439
11.6,0.91486
11.602,0.91496
11.604,0.91496
11.606,0.9149
11.608,0.91484
11.61,0.91475
11.612,0.9145
11.614,0.91411
11.616,0.91405
11.618,0.91425
11.62,0.91441
11.622,0.91439
11.624,0.91426
11.626,0.9138
11.628,0.91195
11.63,0.90456
11.632,0.89204
11.634,0.898
11.636,0.91012
11.638,0.91246
11.64,0.91213
11.642,0.91222
11.644,0.90673
11.646,0.87857
11.648,0.86059
11.65,0.89144
11.652,0.91028
11.654,0.91259
11.656,0.91268
11.658,0.9126
11.66,0.91239
11.662,0.91225
11.664,0.91212
11.666,0.91194
11.668,0.91173
11.67,0.91151
11.672,0.9112
11.674,0.91069
11.676,0.91013
11.678,0.90979
11.68,0.90921
11.682,0.90818
11.684,0.90702
11.686,0.90597
11.688,0.90431
11.69,0.90144
11.692,0.89637
11.694,0.88583
11.696,0.85598
11.698,0.74917
11.7,0.50611
11.702,0.39218
11.704,0.60715
11.706,0.80287
11.708,0.86676
11.71,0.88341
11.712,0.88719
11.714,0.87763
11.716,0.82771
11.718,0.76718
11.72,0.79122
11.722,0.7595
11.724,0.59781
11.726,0.51613
11.728,0.4443
11.73,0.24807
11.732,0.23985
11.734,0.50995
11.736,0.73792
11.738,0.83134
11.74,0.86543
11.742,0.88088
11.744,0.88904
11.746,0.8933
11.748,0.89434
11.75,0.89238
11.752,0.89389
11.754,0.89804
11.756,0.89932
11.758,0.8982
11.76,0.89504
11.762,0.88852
11.764,0.87161
11.766,0.81098
11.768,0.6194
11.77,0.38065
11.772,0.46906
11.774,0.72803
11.776,0.84958
11.778,0.88292
11.78,0.89412
11.782,0.89923
11.784,0.90207
11.786,0.90386
11.788,0.90498
11.79,0.90572
11.792,0.90632
11.794,0.90661
11.796,0.90678
11.798,0.90704
11.8,0.90728
11.802,0.9076
11.804,0.90778
11.806,0.90782
11.808,0.90738
11.81,0.90522
11.812,0.90395
11.814,0.90604
11.816,0.90726
11.818,0.9075
11.82,0.90718
11.822,0.90474
11.824,0.90169
11.826,0.90343
11.828,0.90669
11.83,0.90773
11.832,0.90774
11.834,0.90769
11.836,0.90761
11.838,0.90733
11.84,0.90725
11.842,0.90728
11.844,0.90711
11.846,0.90705
11.848,0.90721
11.85,0.90719
11.852,0.90697
11.854,0.90677
11.856,0.90667
11.858,0.90645
11.86,0.90586
11.862,0.90513
11.864,0.90479
11.866,0.90431
11.868,0.90297
11.87,0.90033
11.872,0.8914
11.874,0.85476
11.876,0.74196
11.878,0.65728
11.88,0.76346
11.882,0.8648
11.884,0.89081
11.886,0.89565
11.888,0.89425
11.89,0.89344
11.892,0.89681
11.894,0.89736
11.896,0.88945
11.898,0.8503
11.9,0.78377
11.902,0.72178
11.904,0.532
11.906,0.37646
11.908,0.53732
11.91,0.76979
11.912,0.86442
11.914,0.88877
11.916,0.89601
11.918,0.89932
11.92,0.90116
11.922,0.9021
11.924,0.90257
11.926,0.90255
11.928,0.90171
11.93,0.89573
11.932,0.88509
11.934,0.89011
11.936,0.90024
11.938,0.90296
11.94,0.90365
11.942,0.90397
11.944,0.90395
11.946,0.90395
11.948,0.90358
11.95,0.90335
11.952,0.90361
11.954,0.90348
11.956,0.90333
11.958,0.90283
11.96,0.9016
11.962,0.89955
11.964,0.89114
11.966,0.85776
11.968,0.82227
11.97,0.85136
11.972,0.889
11.974,0.89957
11.976,0.9016
11.978,0.90251
11.98,0.90275
11.982,0.90251
11.984,0.9022
11.986,0.90223
11.988,0.90269
11.99,0.90295
11.992,0.90283
11.994,0.90243
11.996,0.90225
11.998,0.90237
12,0.90264
12.002,0.90258
12.004,0.90201
12.006,0.90103
12.008,0.90045
12.01,0.90137
12.012,0.90208
12.014,0.90185
12.016,0.90138
12.018,0.90126
12.02,0.9015
12.022,0.90176
12.024,0.90158
12.026,0.901
12.028,0.90022
12.03,0.89946
12.032,0.89993
12.034,0.90023
12.036,0.89864
12.038,0.89754
12.04,0.89862
12.042,0.89958
12.044,0.90002
12.046,0.89974
12.048,0.89922
12.05,0.89842
12.052,0.8964
12.054,0.89567
12.056,0.89688
12.058,0.89702
12.06,0.89656
12.062,0.89536
12.064,0.89353
12.066,0.89155
12.068,0.88817
12.07,0.88311
12.072,0.87421
12.074,0.85965
12.076,0.83115
12.078,0.72547
12.08,0.46856
12.082,0.31554
12.084,0.51591
12.086,0.73967
12.088,0.78731
12.09,0.76782
12.092,0.81283
12.094,0.86547
12.096,0.8829
12.098,0.88532
12.1,0.8867
12.102,0.88979
12.104,0.89146
12.106,0.89135
12.108,0.88964
12.11,0.88577
12.112,0.87631
12.114,0.8417
12.116,0.70618
12.118,0.48841
12.12,0.52914
12.122,0.74794
12.124,0.85249
12.126,0.8798
12.128,0.88779
12.13,0.89073
12.132,0.89223
12.134,0.89319
12.136,0.89399
12.138,0.89479
12.14,0.89441
12.142,0.89171
12.144,0.88672
12.146,0.88716
12.148,0.89261
12.15,0.89434
12.152,0.89164
12.154,0.88472
12.156,0.88134
12.158,0.88808
12.16,0.8936
12.162,0.89444
12.164,0.89301
12.166,0.88766
12.168,0.88202
12.17,0.88737
12.172,0.89314
12.174,0.8939
12.176,0.89434
12.178,0.89462
12.18,0.89392
12.182,0.89376
12.184,0.89359
12.186,0.89295
12.188,0.88955
12.19,0.87975
12.192,0.87894
12.194,0.88854
12.196,0.89243
12.198,0.89328
12.2,0.89388
12.202,0.89407
12.204,0.89369
12.206,0.89282
12.208,0.89208
12.21,0.89087
12.212,0.88253
12.214,0.87087
12.216,0.87748
12.218,0.88774
12.22,0.89068
12.222,0.89218
12.224,0.89259
12.226,0.89214
12.228,0.89147
12.23,0.89074
12.232,0.89044
12.234,0.88646
12.236,0.87097
12.238,0.86246
12.24,0.87732
12.242,0.88716
12.244,0.88883
12.246,0.88487
12.248,0.87836
12.25,0.88229
12.252,0.88643
12.254,0.88598
12.256,0.88492
12.258,0.87415
12.26,0.84554
12.262,0.83191
12.264,0.85276
12.266,0.87121
12.268,0.87258
12.27,0.86192
12.272,0.82882
12.274,0.70881
12.276,0.47419
12.278,0.43052
12.28,0.64358
12.282,0.75093
12.284,0.6666
12.286,0.45674
12.288,0.42634
12.29,0.663
12.292,0.81748
12.294,0.86004
12.296,0.87253
12.298,0.87639
12.3,0.87792
12.302,0.87904
12.304,0.8744
12.306,0.85178
12.308,0.83194
12.31,0.8558
12.312,0.87787
12.314,0.88235
12.316,0.88329
12.318,0.88478
12.32,0.88558
12.322,0.88498
12.324,0.88339
12.326,0.88088
12.328,0.87123
12.33,0.84054
12.332,0.82484
12.334,0.85583
12.336,0.87646
12.338,0.88015
12.34,0.88138
12.342,0.88268
12.344,0.88195
12.346,0.88013
12.348,0.87836
12.35,0.87392
12.352,0.85952
12.354,0.82051
12.356,0.80862
12.358,0.84394
12.36,0.85929
12.362,0.85264
12.364,0.8361
12.366,0.79091
12.368,0.66345
12.37,0.40866
12.372,0.2233
12.374,0.30105
12.376,0.47806
12.378,0.64977
12.38,0.75481
12.382,0.82668
12.384,0.85548
12.386,0.86269
12.388,0.86802
12.39,0.87001
12.392,0.86982
12.394,0.86012
12.396,0.84288
12.398,0.84856
12.4,0.84323
12.402,0.79753
12.404,0.77816
12.406,0.76623
12.408,0.78336
12.41,0.84487
12.412,0.86793
12.414,0.87131
12.416,0.87388
12.418,0.8749
12.42,0.87181
12.422,0.86366
12.424,0.84048
12.426,0.79148
12.428,0.7933
12.43,0.84055
12.432,0.85699
12.434,0.85283
12.436,0.8401
12.438,0.81294
12.44,0.73754
12.442,0.53385
12.444,0.27483
12.446,0.29586
12.448,0.52535
12.45,0.57801
12.452,0.43154
12.454,0.41239
12.456,0.63873
12.458,0.79646
12.46,0.84025
12.462,0.85314
12.464,0.85996
12.466,0.86122
12.468,0.86101
12.47,0.86011
12.472,0.84138
12.474,0.79307
12.476,0.7819
12.478,0.82843
12.48,0.85608
12.482,0.86164
12.484,0.85784
12.486,0.85759
12.488,0.85973
12.49,0.85769
12.492,0.85656
12.494,0.85243
12.496,0.83354
12.498,0.78709
12.5,0.76217
12.502,0.79816
12.504,0.82191
12.506,0.8175
12.508,0.79826
12.51,0.75755
12.512,0.6375
12.514,0.43658
12.516,0.35336
12.518,0.25378
12.52,0.08484
12.522,0.02087
12.524,0.06995
12.526,0.24797
12.528,0.47186
12.53,0.62312
12.532,0.69061
12.534,0.68154
12.536,0.54654
12.538,0.38849
12.54,0.50243
12.542,0.69851
12.544,0.76969
12.546,0.76337
12.548,0.73319
12.55,0.73789
12.552,0.7501
12.554,0.73943
12.556,0.69495
12.558,0.59276
12.56,0.40564
12.562,0.17655
12.564,0.04878
12.566,0.09321
12.568,0.28931
12.57,0.50322
12.572,0.62094
12.574,0.69326
12.576,0.75905
12.578,0.79257
12.58,0.80781
12.582,0.81734
12.584,0.81746
12.586,0.81328
12.588,0.80565
12.59,0.77158
12.592,0.66343
12.594,0.42144
12.596,0.25475
12.598,0.42297
12.6,0.66078
12.602,0.76261
12.604,0.78603
12.606,0.78709
12.608,0.80105
12.61,0.80857
12.612,0.80477
12.614,0.79268
12.616,0.77653
12.618,0.75041
12.62,0.70459
12.622,0.62772
12.624,0.5191
12.626,0.42987
12.628,0.39619
12.63,0.34103
12.632,0.27783
12.634,0.32919
12.636,0.55489
12.638,0.74925
12.64,0.82028
12.642,0.8407
12.644,0.84691
12.646,0.84399
12.648,0.84307
12.65,0.84728
12.652,0.85313
12.654,0.85597
12.656,0.85391
12.658,0.84401
12.66,0.8336
12.662,0.83714
12.664,0.84895
12.666,0.85817
12.668,0.858
12.67,0.8537
12.672,0.84819
12.674,0.84778
12.676,0.85455
12.678,0.85787
12.68,0.85488
12.682,0.84814
12.684,0.83439
12.686,0.82895
12.688,0.84441
12.69,0.85365
12.692,0.84527
12.694,0.82602
12.696,0.82183
12.698,0.83692
12.7,0.84549
12.702,0.84854
12.704,0.84618
12.706,0.8459
12.708,0.83222
12.71,0.80624
12.712,0.81393
12.714,0.83512
12.716,0.83945
12.718,0.8421
12.72,0.84088
12.722,0.83258
12.724,0.82275
12.726,0.81833
12.728,0.81358
12.73,0.80828
12.732,0.79262
12.734,0.75009
12.736,0.70341
12.738,0.683
12.74,0.62764
12.742,0.49282
12.744,0.28076
12.746,0.09129
12.748,0.03914
12.75,0.14247
12.752,0.35553
12.754,0.55161
12.756,0.66738
12.758,0.71392
12.76,0.71315
12.762,0.72791
12.764,0.77396
12.766,0.80472
12.768,0.81746
12.77,0.81849
12.772,0.81376
12.774,0.81302
12.776,0.81804
12.778,0.82987
12.78,0.83786
12.782,0.83318
12.784,0.80891
12.786,0.77045
12.788,0.77336
12.79,0.81318
12.792,0.83585
12.794,0.83611
12.796,0.83547
12.798,0.83855
12.8,0.82728
12.802,0.81963
12.804,0.83219
12.806,0.83635
12.808,0.83051
12.81,0.80691
12.812,0.77179
12.814,0.78564
12.816,0.81687
12.818,0.82224
12.82,0.82104
12.822,0.82407
12.824,0.81156
12.826,0.7719
12.828,0.66925
12.83,0.44119
12.832,0.27762
12.834,0.44018
12.836,0.64253
12.838,0.70514
12.84,0.74916
12.842,0.78494
12.844,0.79795
12.846,0.80818
12.848,0.8133
12.85,0.81311
12.852,0.80233
12.854,0.79782
12.856,0.79935
12.858,0.79549
12.86,0.77351
12.862,0.71123
12.864,0.61211
12.866,0.47409
12.868,0.25143
12.87,0.10289
12.872,0.20697
12.874,0.4561
12.876,0.63502
12.878,0.70937
12.88,0.7416
12.882,0.76725
12.884,0.77726
12.886,0.75577
12.888,0.68167
12.89,0.53454
12.892,0.31191
12.894,0.17242
12.896,0.32412
12.898,0.57838
12.9,0.71718
12.902,0.76745
12.904,0.7763
12.906,0.78321
12.908,0.8086
12.91,0.81451
12.912,0.79755
12.914,0.76692
12.916,0.74494
12.918,0.75006
12.92,0.78111
12.922,0.81489
12.924,0.82197
12.926,0.82221
12.928,0.8231
12.93,0.81414
12.932,0.80396
12.934,0.80474
12.936,0.79809
12.938,0.80732
12.94,0.79632
12.942,0.76548
12.944,0.7583
12.946,0.78367
12.948,0.80966
12.95,0.81994
12.952,0.82
12.954,0.81736
12.956,0.79593
12.958,0.76706
12.96,0.77323
12.962,0.79272
12.964,0.78086
12.966,0.75478
12.968,0.72932
12.97,0.72183
12.972,0.75985
12.974,0.78905
12.976,0.78897
12.978,0.78196
12.98,0.74452
12.982,0.63777
12.984,0.43738
12.986,0.33159
12.988,0.52196
12.99,0.70593
12.992,0.74409
12.994,0.70313
12.996,0.67105
12.998,0.68406
13,0.64156
13.002,0.45595
13.004,0.2271
13.006,0.25004
13.008,0.49222
13.01,0.66024
13.012,0.74317
13.014,0.78361
13.016,0.78951
13.018,0.77658
13.02,0.72409
13.022,0.69227
13.024,0.72066
13.026,0.7201
13.028,0.70061
13.03,0.72376
13.032,0.7
13.034,0.68258
13.036,0.74115
13.038,0.7828
13.04,0.80209
13.042,0.80255
13.044,0.78503
13.046,0.71775
13.048,0.66683
13.05,0.64566
13.052,0.6346
13.054,0.71816
13.056,0.79495
13.058,0.81727
13.06,0.81439
13.062,0.79404
13.064,0.77663
13.066,0.78139
13.068,0.78958
13.07,0.76529
13.072,0.67479
13.074,0.57322
13.076,0.53735
13.078,0.62688
13.08,0.74
13.082,0.78334
13.084,0.79618
13.086,0.796
13.088,0.77785
13.09,0.76026
13.092,0.77425
13.094,0.78695
13.096,0.75718
13.098,0.63046
13.1,0.47635
13.102,0.49385
13.104,0.65064
13.106,0.76716
13.108,0.80039
13.11,0.80456
13.112,0.79807
13.114,0.78292
13.116,0.76469
13.118,0.77799
13.12,0.7816
13.122,0.71234
13.124,0.53764
13.126,0.40313
13.128,0.46189
13.13,0.62934
13.132,0.73408
13.134,0.76889
13.136,0.77991
13.138,0.78601
13.14,0.7791
13.142,0.73788
13.144,0.6769
13.146,0.6278
13.148,0.54079
13.15,0.38494
13.152,0.30586
13.154,0.41455
13.156,0.616
13.158,0.72503
13.16,0.76089
13.162,0.77267
13.164,0.7817
13.166,0.7818
13.168,0.76281
13.17,0.72668
13.172,0.65545
13.174,0.5544
13.176,0.48535
13.178,0.36927
13.18,0.40212
13.182,0.59516
13.184,0.69395
13.186,0.7297
13.188,0.75756
13.19,0.76685
13.192,0.77131
13.194,0.74641
13.196,0.6786
13.198,0.56223
13.2,0.46178
13.202,0.39894
13.204,0.25687
13.206,0.27503
13.208,0.46602
13.21,0.59189
13.212,0.66451
13.214,0.69733
13.216,0.71179
13.218,0.72508
13.22,0.71355
13.222,0.64112
13.224,0.49666
13.226,0.3438
13.228,0.22293
13.23,0.1491
13.232,0.20741
13.234,0.41625
13.236,0.57251
13.238,0.6448
13.24,0.66029
13.242,0.63548
13.244,0.59204
13.246,0.48486
13.248,0.28572
13.25,0.09578
13.252,0.04155
13.254,0.07653
13.256,0.08164
13.258,0.11332
13.26,0.20515
13.262,0.20745
13.264,0.13458
13.266,0.24057
13.268,0.46867
13.27,0.60946
13.272,0.65257
13.274,0.61609
13.276,0.49328
13.278,0.41626
13.28,0.3569
13.282,0.18898
13.284,0.13634
13.286,0.25842
13.288,0.41134
13.29,0.46476
13.292,0.34199
13.294,0.34392
13.296,0.54312
13.298,0.648
13.3,0.63126
13.302,0.52184
13.304,0.41744
13.306,0.33692
13.308,0.16943
13.31,0.09458
13.312,0.1964
13.314,0.33834
13.316,0.47526
13.318,0.56622
13.32,0.59664
13.322,0.61339
13.324,0.62883
13.326,0.60847
13.328,0.52546
13.33,0.39899
13.332,0.30177
13.334,0.16365
13.336,0.07053
13.338,0.151
13.34,0.29817
13.342,0.38916
13.344,0.48868
13.346,0.58386
13.348,0.62166
13.35,0.61477
13.352,0.58021
13.354,0.49881
13.356,0.3472
13.358,0.18194
13.36,0.06853
13.362,0.01648
13.364,0.03212
13.366,0.12705
13.368,0.2487
13.37,0.34605
13.372,0.46048
13.374,0.55494
13.376,0.5967
13.378,0.6015
13.38,0.57432
13.382,0.4874
13.384,0.33061
13.386,0.17819
13.388,0.06714
13.39,0.03499
13.392,0.12486
13.394,0.29234
13.396,0.39735
13.398,0.44666
13.4,0.51815
13.402,0.57408
13.404,0.59134
13.406,0.56805
13.408,0.50114
13.41,0.37329
13.412,0.21906
13.414,0.09677
13.416,0.02636
13.418,0.0355
13.42,0.11621
13.422,0.17257
13.424,0.11399
13.426,0.05296
13.428,0.12197
13.43,0.27787
13.432,0.38259
13.434,0.34137
13.436,0.18599
13.438,0.09992
13.44,0.08542
13.442,0.03758
13.444,0.01273
13.446,0.05127
13.448,0.16316
13.45,0.28364
13.452,0.35875
13.454,0.42558
13.456,0.4598
13.458,0.43414
13.46,0.39001
13.462,0.33369
13.464,0.2415
13.466,0.14079
13.468,0.04893
13.47,0.0078
13.472,0.0068
13.474,0.03868
13.476,0.10722
13.478,0.15075
13.48,0.10557
13.482,0.03304
13.484,0.00403
13.486,6.84E-04
13.488,0.0025
13.49,0.00763
13.492,0.01439
13.494,0.0141
13.496,0.00634
13.498,0.00123
13.5,1.21E-04
13.502,0.00104
13.504,0.01157
13.506,0.05116
13.508,0.1116
13.51,0.15863
13.512,0.21625
13.514,0.26096
13.516,0.23843
13.518,0.19525
13.52,0.16236
13.522,0.09129
13.524,0.02723
13.526,0.00435
13.528,0.01103
13.53,0.05861
13.532,0.15634
13.534,0.25795
13.536,0.30206
13.538,0.27648
13.54,0.26127
13.542,0.27614
13.544,0.24398
13.546,0.21435
13.548,0.16993
13.55,0.08588
13.552,0.02241
13.554,0.00318
13.556,0.00937
13.558,0.0521
13.56,0.14231
13.562,0.23817
13.564,0.29929
13.566,0.29348
13.568,0.22677
13.57,0.18848
13.572,0.19049
13.574,0.19435
13.576,0.14983
13.578,0.07183
13.58,0.01804
13.582,0.0024
13.584,0.00653
13.586,0.03946
13.588,0.11624
13.59,0.20742
13.592,0.28481
13.594,0.32435
13.596,0.28419
13.598,0.19294
13.6,0.18448
13.602,0.20879
13.604,0.15586
13.606,0.07291
13.608,0.01909
13.61,0.00246
13.612,0.00401
13.614,0.02855
13.616,0.09504
13.618,0.18188
13.62,0.26052
13.622,0.31451
13.624,0.30365
13.626,0.21722
13.628,0.16055
13.63,0.18092
13.632,0.15666
13.634,0.08229
13.636,0.02459
13.638,0.00353
13.64,0.00214
13.642,0.01751
13.644,0.06892
13.646,0.14874
13.648,0.22796
13.65,0.28607
13.652,0.28727
13.654,0.23647
13.656,0.185
13.658,0.15031
13.66,0.13314
13.662,0.09301
13.664,0.03471
13.666,0.00607
13.668,9.44E-04
13.67,0.00643
13.672,0.0324
13.674,0.07674
13.676,0.09505
13.678,0.06065
13.68,0.0186
13.682,0.00924
13.684,0.03365
13.686,0.05961
13.688,0.05222
13.69,0.04594
13.692,0.03184
13.694,0.00932
13.696,0.00111
13.698,0.00219
13.7,0.01765
13.702,0.06127
13.704,0.11132
13.706,0.12903
13.708,0.08463
13.71,0.02552
13.712,0.00519
13.714,0.01398
13.716,0.04751
13.718,0.06452
13.72,0.04198
13.722,0.01657
13.724,0.00339
13.726,0.00103
13.728,0.00807
13.73,0.04375
13.732,0.12232
13.734,0.1946
13.736,0.23853
13.738,0.26251
13.74,0.25127
13.742,0.2684
13.744,0.28278
13.746,0.23997
13.748,0.15726
13.75,0.0647
13.752,0.01434
13.754,0.00194
13.756,0.00414
13.758,0.02351
13.76,0.07917
13.762,0.17574
13.764,0.24923
13.766,0.24577
13.768,0.22394
13.77,0.25826
13.772,0.31129
13.774,0.3086
13.776,0.25292
13.778,0.17063
13.78,0.07798
13.782,0.01914
13.784,0.00363
13.786,0.0148
13.788,0.05298
13.79,0.10899
13.792,0.19206
13.794,0.26997
13.796,0.27092
13.798,0.21592
13.8,0.23919
13.802,0.30657
13.804,0.30183
13.806,0.24562
13.808,0.16554
13.81,0.07837
13.812,0.02121
13.814,0.00792
13.816,0.03156
13.818,0.07644
13.82,0.11152
13.822,0.1549
13.824,0.19359
13.826,0.20278
13.828,0.1793
13.83,0.1298
13.832,0.14362
13.834,0.1822
13.836,0.17931
13.838,0.13261
13.84,0.06589
13.842,0.02344
13.844,0.01396
13.846,0.0369
13.848,0.06283
13.85,0.06045
13.852,0.04501
13.854,0.0338
13.856,0.02365
13.858,0.0106
13.86,0.00228
13.862,2.29E-04
13.864,1.47E-05
13.866,1.52E-06
13.868,1.31E-07
13.87,3.41E-09
13.872,0
13.874,0
13.876,0
13.878,0
13.88,0
13.882,0
13.884,0
13.886,0
13.888,0
13.89,0
13.892,0
13.894,0
13.896,0
13.898,0
13.9,0
13.902,0
13.904,6.40E-09
13.906,3.75E-07
13.908,5.84E-06
13.91,2.72E-05
13.912,6.52E-05
13.914,1.03E-04
13.916,5.89E-05
13.918,4.32E-05
13.92,2.61E-04
13.922,7.13E-04
13.924,0.0013
13.926,0.00559
13.928,0.02078
13.93,0.03597
13.932,0.05346
13.934,0.0712
13.936,0.08555
13.938,0.0917
13.94,0.09058
13.942,0.07058
13.944,0.03495
13.946,0.01124
13.948,0.00204
13.95,0.00126
13.952,0.0074
13.954,0.01818
13.956,0.01666
13.958,0.01007
13.96,0.02335
13.962,0.05654
13.964,0.0938
13.966,0.11963
13.968,0.14522
13.97,0.14468
13.972,0.10968
13.974,0.06331
13.976,0.02237
13.978,0.00388
13.98,6.77E-04
13.982,0.00375
13.984,0.01431
13.986,0.02273
13.988,0.01467
13.99,0.0043
13.992,0.0075
13.994,0.02836
13.996,0.06248
13.998,0.10044
14,0.1125
14.002,0.08917
14.004,0.04738
14.006,0.01599
14.008,0.003
14.01,2.47E-04
14.012,8.47E-06
14.014,4.56E-05
14.016,5.03E-04
14.018,0.00166
14.02,0.00165
14.022,7.05E-04
14.024,0.00202
14.026,0.00872
14.028,0.02989
14.03,0.06753
14.032,0.08732
14.034,0.06978
14.036,0.03723
14.038,0.01174
14.04,0.00176
14.042,1.85E-04
14.044,0.00117
14.046,0.00685
14.048,0.01593
14.05,0.01583
14.052,0.00673
14.054,0.00116
14.056,6.48E-04
14.058,0.00345
14.06,0.0081
14.062,0.01061
14.064,0.01786
14.066,0.02265
14.068,0.01367
14.07,0.00383
14.072,4.80E-04
14.074,1.84E-04
14.076,9.96E-04
14.078,0.00372
14.08,0.0082
14.082,0.00779
14.084,0.00299
14.086,4.61E-04
14.088,1.49E-04
14.09,0.00153
14.092,0.00714
14.094,0.0139
14.096,0.01156
14.098,0.00548
14.1,0.00317
14.102,0.00112
14.104,1.58E-04
14.106,2.34E-04
14.108,8.29E-04
14.11,0.00141
14.112,0.00226
14.114,0.0024
14.116,0.00104
14.118,1.66E-04
14.12,1.39E-05
14.122,9.87E-05
14.124,7.19E-04
14.126,0.00221
14.128,0.00307
14.13,0.00185
14.132,4.57E-04
14.134,4.37E-05
14.136,2.00E-06
14.138,1.25E-05
14.14,8.17E-05
14.142,1.83E-04
14.144,2.78E-04
14.146,3.32E-04
14.148,1.58E-04
14.15,2.49E-05
14.152,1.37E-06
14.154,5.01E-06
14.156,8.33E-05
14.158,5.39E-04
14.16,0.00145
14.162,0.0017
14.164,8.93E-04
14.166,1.95E-04
14.168,1.57E-05
14.17,4.12E-07
14.172,1.41E-09
14.174,0
14.176,0
14.178,0
14.18,0
14.182,0
14.184,0
14.186,3.51E-08
14.188,1.87E-06
14.19,3.00E-05
14.192,1.66E-04
14.194,3.48E-04
14.196,2.88E-04
14.198,9.02E-05
14.2,1.05E-05
14.202,1.35E-05
14.204,6.77E-05
14.206,1.13E-04
14.208,6.35E-05
14.21,1.15E-05
14.212,6.40E-07
14.214,9.29E-09
14.216,0
14.218,0
14.22,0
14.222,0
14.224,0
14.226,0
14.228,0
14.23,0
14.232,0
14.234,0
14.236,0
14.238,0
14.24,0
14.242,0
14.244,0
14.246,0
14.248,0
14.25,0
14.252,0
14.254,0
14.256,0
14.258,0
14.26,0
14.262,0
14.264,0
14.266,0
14.268,0
14.27,0
14.272,0
14.274,0
14.276,0
14.278,0
14.28,0
14.282,0
14.284,0
14.286,0
14.288,0
14.29,0
14.292,0
14.294,0
14.296,0
14.298,0
14.3,0
14.302,0
14.304,0
14.306,0
14.308,0
14.31,0
14.312,0
14.314,0
14.316,0
14.318,0
14.32,0
14.322,0
14.324,0
14.326,0
14.328,0
14.33,0
14.332,0
14.334,0
14.336,0
14.338,0
14.34,0
14.342,0
14.344,0
14.346,0
14.348,0
14.35,0
14.352,0
14.354,0
14.356,0
14.358,0
14.36,0
14.362,0
14.364,0
14.366,0
14.368,0
14.37,0
14.372,0
14.374,0
14.376,0
14.378,0
14.38,0
14.382,0
14.384,0
14.386,0
14.388,0
14.39,0
14.392,0
14.394,0
14.396,0
14.398,0
14.4,0
14.402,0
14.404,0
14.406,0
14.408,0
14.41,0
14.412,0
14.414,0
14.416,0
14.418,0
14.42,0
14.422,0
14.424,0
14.426,0
14.428,0
14.43,0
14.432,0
14.434,0
14.436,0
14.438,0
14.44,0
14.442,0
14.444,0
14.446,0
14.448,0
14.45,0
14.452,0
14.454,0
14.456,0
14.458,0
14.46,0
14.462,0
14.464,0
14.466,0
14.468,0
14.47,0
14.472,0
14.474,0
14.476,0
14.478,0
14.48,0
14.482,0
14.484,0
14.486,0
14.488,0
14.49,0
14.492,0
14.494,0
14.496,0
14.498,0
14.5,0
14.502,0
14.504,0
14.506,0
14.508,0
14.51,0
14.512,0
14.514,0
14.516,0
14.518,0
14.52,0
14.522,0
14.524,0
14.526,0
14.528,0
14.53,0
14.532,0
14.534,0
14.536,0
14.538,0
14.54,0
14.542,0
14.544,0
14.546,0
14.548,0
14.55,0
14.552,0
14.554,0
14.556,0
14.558,0
14.56,0
14.562,0
14.564,0
14.566,0
14.568,0
14.57,0
14.572,0
14.574,0
14.576,0
14.578,0
14.58,0
14.582,0
14.584,0
14.586,0
14.588,0
14.59,0
14.592,0
14.594,0
14.596,0
14.598,0
14.6,0
14.602,0
14.604,0
14.606,0
14.608,0
14.61,0
14.612,0
14.614,0
14.616,0
14.618,0
14.62,0
14.622,0
14.624,0
14.626,0
14.628,0
14.63,0
14.632,0
14.634,0
14.636,0
14.638,0
14.64,0
14.642,0
14.644,0
14.646,0
14.648,0
14.65,0
14.652,0
14.654,0
14.656,0
14.658,0
14.66,0
14.662,0
14.664,0
14.666,0
14.668,0
14.67,0
14.672,0
14.674,0
14.676,0
14.678,0
14.68,0
14.682,0
14.684,0
14.686,0
14.688,0
14.69,0
14.692,0
14.694,0
14.696,0
14.698,0
14.7,0
14.702,0
14.704,0
14.706,0
14.708,0
14.71,0
14.712,0
14.714,0
14.716,0
14.718,0
14.72,0
14.722,0
14.724,0
14.726,0
14.728,0
14.73,0
14.732,0
14.734,0
14.736,0
14.738,0
14.74,0
14.742,0
14.744,0
14.746,0
14.748,0
14.75,0
14.752,0
14.754,0
14.756,0
14.758,0
14.76,0
14.762,0
14.764,0
14.766,0
14.768,0
14.77,0
14.772,0
14.774,0
14.776,0
14.778,0
14.78,0
14.782,0
14.784,0
14.786,0
14.788,0
14.79,0
14.792,0
14.794,0
14.796,0
14.798,0
14.8,0
14.802,0
14.804,0
14.806,0
14.808,0
14.81,0
14.812,0
14.814,0
14.816,0
14.818,0
14.82,0
14.822,0
14.824,0
14.826,0
14.828,0
14.83,0
14.832,0
14.834,0
14.836,0
14.838,0
14.84,0
14.842,0
14.844,0
14.846,0
14.848,0
14.85,0
14.852,0
14.854,0
14.856,0
14.858,0
14.86,0
14.862,0
14.864,0
14.866,0
14.868,0
14.87,0
14.872,0
14.874,0
14.876,0
14.878,0
14.88,0
14.882,0
14.884,0
14.886,0
14.888,0
14.89,0
14.892,0
14.894,0
14.896,0
14.898,0
14.9,0
14.902,0
14.904,0
14.906,0
14.908,0
14.91,0
14.912,0
14.914,0
14.916,0
14.918,0
14.92,0
14.922,0
14.924,0
14.926,0
14.928,0
14.93,0
14.932,0
14.934,0
14.936,0
14.938,0
14.94,0
14.942,0
14.944,0
14.946,0
14.948,0
14.95,0
14.952,0
14.954,0
14.956,0
14.958,0
14.96,0
14.962,0
14.964,0
14.966,0
14.968,0
14.97,0
14.972,0
14.974,0
14.976,0
14.978,0
14.98,0
14.982,0
14.984,0
14.986,0
14.988,0
14.99,0
14.992,0
14.994,0
14.996,0
14.998,0
15,0
15.002,0
15.004,0
15.006,0
15.008,0
15.01,0
15.012,0
15.014,0
15.016,0
15.018,0
15.02,0
15.022,0
15.024,0
15.026,0
15.028,0
15.03,0
15.032,0
15.034,0
15.036,0
15.038,0
15.04,0
15.042,0
15.044,0
15.046,0
15.048,0
15.05,0
15.052,0
15.054,0
15.056,0
15.058,0
15.06,0
15.062,0
15.064,0
15.066,0
15.068,0
15.07,0
15.072,0
15.074,0
15.076,0
15.078,0
15.08,0
15.082,0
15.084,0
15.086,0
15.088,0
15.09,0
15.092,0
15.094,0
15.096,0
15.098,0
15.1,0
15.102,0
15.104,0
15.106,0
15.108,0
15.11,0
15.112,0
15.114,0
15.116,0
15.118,0
15.12,0
15.122,0
15.124,0
15.126,0
15.128,0
15.13,0
15.132,0
15.134,0
15.136,0
15.138,0
15.14,0
15.142,0
15.144,0
15.146,0
15.148,0
15.15,0
15.152,0
15.154,0
15.156,0
15.158,0
15.16,0
15.162,0
15.164,0
15.166,0
15.168,0
15.17,0
15.172,0
15.174,0
15.176,0
15.178,0
15.18,0
15.182,0
15.184,0
15.186,0
15.188,0
15.19,0
15.192,0
15.194,0
15.196,0
15.198,0
15.2,0
15.202,0
15.204,0
15.206,0
15.208,0
15.21,0
15.212,0
15.214,0
15.216,0
15.218,0
15.22,0
15.222,0
15.224,0
15.226,0
15.228,0
15.23,0
15.232,0
15.234,0
15.236,0
15.238,0
15.24,0
15.242,0
15.244,0
15.246,0
15.248,0
15.25,0
15.252,0
15.254,0
15.256,0
15.258,0
15.26,0
15.262,0
15.264,0
15.266,0
15.268,0
15.27,0
15.272,0
15.274,0
15.276,0
15.278,0
15.28,0
15.282,0
15.284,0
15.286,0
15.288,0
15.29,0
15.292,0
15.294,0
15.296,0
15.298,0
15.3,0
15.302,0
15.304,0
15.306,0
15.308,0
15.31,0
15.312,0
15.314,0
15.316,0
15.318,0
15.32,0
15.322,0
15.324,0
15.326,0
15.328,0
15.33,0
15.332,0
15.334,0
15.336,0
15.338,0
15.34,0
15.342,0
15.344,0
15.346,0
15.348,0
15.35,0
15.352,0
15.354,0
15.356,0
15.358,0
15.36,0
15.362,0
15.364,0
15.366,0
15.368,0
15.37,0
15.372,0
15.374,0
15.376,0
15.378,0
15.38,0
15.382,0
15.384,0
15.386,0
15.388,0
15.39,0
15.392,0
15.394,0
15.396,0
15.398,0
15.4,0
15.402,0
15.404,0
15.406,0
15.408,0
15.41,0
15.412,0
15.414,0
15.416,0
15.418,0
15.42,0
15.422,0
15.424,0
15.426,0
15.428,0
15.43,0
15.432,0
15.434,0
15.436,0
15.438,0
15.44,0
15.442,0
15.444,0
15.446,0
15.448,0
15.45,0
15.452,0
15.454,0
15.456,0
15.458,0
15.46,0
15.462,0
15.464,0
15.466,0
15.468,0
15.47,0
15.472,0
15.474,0
15.476,0
15.478,0
15.48,0
15.482,0
15.484,0
15.486,0
15.488,0
15.49,0
15.492,0
15.494,0
15.496,0
15.498,0
15.5,0
15.502,0
15.504,0
15.506,0
15.508,0
15.51,0
15.512,0
15.514,0
15.516,0
15.518,0
15.52,0
15.522,0
15.524,0
15.526,0
15.528,0
15.53,0
15.532,0
15.534,0
15.536,0
15.538,0
15.54,0
15.542,0
15.544,0
15.546,0
15.548,0
15.55,0
15.552,0
15.554,0
15.556,0
15.558,0
15.56,0
15.562,0
15.564,0
15.566,0
15.568,0
15.57,0
15.572,0
15.574,0
15.576,0
15.578,0
15.58,0
15.582,0
15.584,0
15.586,0
15.588,0
15.59,0
15.592,0
15.594,0
15.596,0
15.598,0
15.6,0
15.602,0
15.604,0
15.606,0
15.608,0
15.61,0
15.612,0
15.614,0
15.616,0
15.618,0
15.62,0
15.622,0
15.624,0
15.626,0
15.628,0
15.63,0
15.632,0
15.634,0
15.636,0
15.638,0
15.64,0
15.642,0
15.644,0
15.646,0
15.648,0
15.65,0
15.652,0
15.654,0
15.656,0
15.658,0
15.66,0
15.662,0
15.664,0
15.666,0
15.668,0
15.67,0
15.672,0
15.674,0
15.676,0
15.678,0
15.68,0
15.682,0
15.684,0
15.686,0
15.688,0
15.69,0
15.692,0
15.694,0
15.696,0
15.698,0
15.7,0
15.702,0
15.704,0
15.706,0
15.708,0
15.71,0
15.712,0
15.714,0
15.716,0
15.718,0
15.72,0
15.722,0
15.724,0
15.726,0
15.728,0
15.73,0
15.732,0
15.734,0
15.736,0
15.738,0
15.74,0
15.742,0
15.744,0
15.746,0
15.748,0
15.75,0
15.752,0
15.754,0
15.756,0
15.758,0
15.76,0
15.762,0
15.764,0
15.766,0
15.768,0
15.77,0
15.772,0
15.774,0
15.776,0
15.778,0
15.78,0
15.782,0
15.784,0
15.786,0
15.788,0
15.79,0
15.792,0
15.794,0
15.796,0
15.798,0
15.8,0
15.802,0
15.804,0
15.806,0
15.808,0
15.81,0
15.812,0
15.814,0
15.816,0
15.818,0
15.82,7.66E-09
15.822,5.73E-07
15.824,1.10E-05
15.826,6.37E-05
15.828,1.30E-04
15.83,1.22E-04
15.832,5.58E-05
15.834,9.62E-06
15.836,1.04E-06
15.838,7.09E-06
15.84,2.50E-05
15.842,2.35E-05
15.844,5.92E-06
15.846,3.96E-07
15.848,6.92E-09
15.85,0
15.852,0
15.854,0
15.856,0
15.858,4.91E-09
15.86,5.41E-07
15.862,1.32E-05
15.864,9.87E-05
15.866,2.52E-04
15.868,2.74E-04
15.87,1.48E-04
15.872,3.27E-05
15.874,6.85E-06
15.876,5.09E-05
15.878,1.70E-04
15.88,1.87E-04
15.882,9.55E-05
15.884,3.02E-05
15.886,3.96E-06
15.888,2.34E-06
15.89,3.14E-05
15.892,1.68E-04
15.894,3.22E-04
15.896,2.12E-04
15.898,4.64E-05
15.9,5.66E-06
15.902,3.08E-05
15.904,1.48E-04
15.906,3.62E-04
15.908,4.25E-04
15.91,1.84E-04
15.912,3.05E-05
15.914,6.47E-05
15.916,2.79E-04
15.918,5.16E-04
15.92,4.46E-04
15.922,1.50E-04
15.924,3.11E-05
15.926,2.51E-04
15.928,0.00162
15.93,0.00449
15.932,0.00574
15.934,0.00347
15.936,9.47E-04
15.938,1.07E-04
15.94,1.53E-05
15.942,1.13E-04
15.944,4.62E-04
15.946,7.59E-04
15.948,4.56E-04
15.95,9.30E-05
15.952,2.74E-05
15.954,1.79E-04
15.956,5.30E-04
15.958,5.03E-04
15.96,1.47E-04
15.962,1.34E-05
15.964,1.82E-05
15.966,3.05E-04
15.968,0.00179
15.97,0.00404
15.972,0.00396
15.974,0.00178
15.976,3.60E-04
15.978,2.96E-05
15.98,8.59E-07
15.982,4.77E-09
15.984,0
15.986,0
15.988,0
15.99,0
15.992,0
15.994,0
15.996,3.98E-09
15.998,5.18E-07
16,1.59E-05
16.002,1.87E-04
16.004,0.00104
16.006,0.00327
16.008,0.00636
16.01,0.00796
16.012,0.00637
16.014,0.00306
16.016,7.24E-04
16.018,7.20E-05
16.02,3.91E-05
16.022,2.65E-04
16.024,6.39E-04
16.026,5.02E-04
16.028,2.07E-04
16.03,7.45E-04
16.032,0.002
16.034,0.00182
16.036,0.00219
16.038,0.01309
16.04,0.04274
16.042,0.07703
16.044,0.10027
16.046,0.10932
16.048,0.10588
16.05,0.08733
16.052,0.0549
16.054,0.02387
16.056,0.00588
16.058,6.71E-04
16.06,2.10E-04
16.062,8.61E-04
16.064,0.00128
16.066,6.70E-04
16.068,8.23E-04
16.07,0.00257
16.072,0.00302
16.074,0.00601
16.076,0.03039
16.078,0.08181
16.08,0.12753
16.082,0.14935
16.084,0.15686
16.086,0.15262
16.088,0.14007
16.09,0.12085
16.092,0.08975
16.094,0.04774
16.096,0.01507
16.098,0.00235
16.1,3.30E-04
16.102,6.63E-04
16.104,7.17E-04
16.106,2.39E-04
16.108,5.05E-05
16.11,2.99E-05
16.112,8.69E-06
16.114,3.92E-05
16.116,7.34E-04
16.118,0.00565
16.12,0.0211
16.122,0.04589
16.124,0.06891
16.126,0.08444
16.128,0.09288
16.13,0.09159
16.132,0.08075
16.134,0.06196
16.136,0.03722
16.138,0.01328
16.14,0.00257
16.142,0.00138
16.144,9.90E-04
16.146,2.88E-04
16.148,6.01E-04
16.15,0.00408
16.152,0.0126
16.154,0.01945
16.156,0.01902
16.158,0.0147
16.16,0.01014
16.162,0.00595
16.164,0.00291
16.166,0.0012
16.168,3.66E-04
16.17,6.90E-05
16.172,6.32E-06
16.174,2.15E-07
16.176,1.67E-09
16.178,0
16.18,0
16.182,0
16.184,0
16.186,0
16.188,0
16.19,0
16.192,0
16.194,0
16.196,0
16.198,0
16.2,0
16.202,0
16.204,0
16.206,0
16.208,0
16.21,0
16.212,0
16.214,0
16.216,0
16.218,0
16.22,0
16.222,0
16.224,0
16.226,0
16.228,0
16.23,0
16.232,0
16.234,0
16.236,0
16.238,0
16.24,3.21E-08
16.242,2.59E-06
16.244,5.96E-05
16.246,5.20E-04
16.248,0.00211
16.25,0.0057
16.252,0.01282
16.254,0.01977
16.256,0.02116
16.258,0.01977
16.26,0.01523
16.262,0.008
16.264,0.00969
16.266,0.02781
16.268,0.04339
16.27,0.03492
16.272,0.02746
16.274,0.03699
16.276,0.03567
16.278,0.01934
16.28,0.00532
16.282,6.55E-04
16.284,2.70E-04
16.286,0.00299
16.288,0.01604
16.29,0.04407
16.292,0.07479
16.294,0.09639
16.296,0.10324
16.298,0.0837
16.3,0.04428
16.302,0.01502
16.304,0.01181
16.306,0.01642
16.308,0.01164
16.31,0.00401
16.312,6.52E-04
16.314,4.43E-05
16.316,1.86E-05
16.318,1.02E-04
16.32,1.84E-04
16.322,1.03E-04
16.324,2.10E-05
16.326,1.14E-04
16.328,0.00159
16.33,0.01081
16.332,0.03862
16.334,0.0808
16.336,0.11187
16.338,0.11346
16.34,0.0827
16.342,0.04494
16.344,0.06525
16.346,0.13471
16.348,0.1858
16.35,0.18337
16.352,0.14258
16.354,0.10487
16.356,0.10029
16.358,0.09245
16.36,0.05597
16.362,0.01993
16.364,0.00366
16.366,3.04E-04
16.368,2.92E-04
16.37,0.00341
16.372,0.01701
16.374,0.04254
16.376,0.07691
16.378,0.11295
16.38,0.10299
16.382,0.0545
16.384,0.0443
16.386,0.07105
16.388,0.08068
16.39,0.11868
16.392,0.18367
16.394,0.18824
16.396,0.13139
16.398,0.0843
16.4,0.06562
16.402,0.04124
16.404,0.01626
16.406,0.0033
16.408,2.87E-04
16.41,2.12E-04
16.412,0.00278
16.414,0.01661
16.416,0.04971
16.418,0.08251
16.42,0.0782
16.422,0.05446
16.424,0.04626
16.426,0.04452
16.428,0.05139
16.43,0.09276
16.432,0.17732
16.434,0.23004
16.436,0.21721
16.438,0.1612
16.44,0.11892
16.442,0.08808
16.444,0.04188
16.446,0.01099
16.448,0.00163
16.45,1.44E-04
16.452,1.07E-04
16.454,0.00163
16.456,0.01053
16.458,0.03059
16.46,0.04771
16.462,0.05567
16.464,0.05447
16.466,0.04335
16.468,0.06476
16.47,0.14068
16.472,0.21163
16.474,0.24447
16.476,0.25051
16.478,0.2293
16.48,0.17737
16.482,0.13294
16.484,0.11356
16.486,0.07591
16.488,0.03159
16.49,0.00736
16.492,8.07E-04
16.494,7.00E-05
16.496,7.59E-04
16.498,0.00635
16.5,0.02509
16.502,0.06003
16.504,0.09044
16.506,0.09283
16.508,0.08609
16.51,0.0834
16.512,0.11721
16.514,0.18792
16.516,0.25167
16.518,0.26914
16.52,0.24905
16.522,0.19966
16.524,0.14203
16.526,0.10979
16.528,0.08225
16.53,0.04409
16.532,0.01431
16.534,0.00241
16.536,1.77E-04
16.538,4.83E-06
16.54,2.78E-08
16.542,4.16E-07
16.544,2.59E-05
16.546,5.04E-04
16.548,0.00362
16.55,0.01208
16.552,0.03404
16.554,0.0837
16.556,0.12761
16.558,0.13735
16.56,0.16561
16.562,0.21091
16.564,0.21419
16.566,0.17911
16.568,0.15522
16.57,0.13946
16.572,0.09872
16.574,0.04754
16.576,0.01338
16.578,0.00183
16.58,1.60E-04
16.582,0.00119
16.584,0.00976
16.586,0.03764
16.588,0.07883
16.59,0.11124
16.592,0.12235
16.594,0.12216
16.596,0.18244
16.598,0.26616
16.6,0.30354
16.602,0.28815
16.604,0.22524
16.606,0.19185
16.608,0.21117
16.61,0.21257
16.612,0.19984
16.614,0.16505
16.616,0.10371
16.618,0.04408
16.62,0.01068
16.622,0.00122
16.624,1.73E-04
16.626,0.0018
16.628,0.01272
16.63,0.04341
16.632,0.08161
16.634,0.10113
16.636,0.0968
16.638,0.12094
16.64,0.17098
16.642,0.18848
16.644,0.17296
16.646,0.1398
16.648,0.10333
16.65,0.06466
16.652,0.03014
16.654,0.01248
16.656,0.00456
16.658,9.74E-04
16.66,9.47E-05
16.662,3.58E-06
16.664,4.00E-08
16.666,2.40E-07
16.668,1.23E-05
16.67,2.09E-04
16.672,0.00146
16.674,0.0058
16.676,0.01616
16.678,0.03038
16.68,0.05696
16.682,0.10679
16.684,0.15234
16.686,0.18272
16.688,0.20535
16.69,0.2242
16.692,0.2305
16.694,0.2159
16.696,0.19234
16.698,0.15797
16.7,0.15354
16.702,0.15457
16.704,0.11268
16.706,0.05337
16.708,0.01408
16.71,0.00175
16.712,0.00119
16.714,0.01018
16.716,0.04042
16.718,0.07769
16.72,0.07731
16.722,0.0654
16.724,0.10771
16.726,0.14341
16.728,0.15811
16.73,0.20223
16.732,0.22211
16.734,0.18886
16.736,0.11816
16.738,0.04524
16.74,0.00846
16.742,7.29E-04
16.744,4.23E-04
16.746,9.84E-04
16.748,0.00134
16.75,8.92E-04
16.752,2.92E-04
16.754,5.18E-05
16.756,1.60E-04
16.758,0.00151
16.76,0.00686
16.762,0.01604
16.764,0.02335
16.766,0.03168
16.768,0.04205
16.77,0.05957
16.772,0.09654
16.774,0.1282
16.776,0.1488
16.778,0.15786
16.78,0.15812
16.782,0.13781
16.784,0.10545
16.786,0.08865
16.788,0.08408
16.79,0.06252
16.792,0.03251
16.794,0.0133
16.796,0.00431
16.798,7.81E-04
16.8,5.85E-05
16.802,1.52E-06
16.804,6.26E-09
16.806,0
16.808,5.85E-09
16.81,7.16E-07
16.812,2.25E-05
16.814,3.03E-04
16.816,0.00223
16.818,0.00961
16.82,0.02585
16.822,0.0488
16.824,0.07194
16.826,0.08513
16.828,0.0804
16.83,0.07704
16.832,0.0889
16.834,0.10328
16.836,0.10328
16.838,0.07615
16.84,0.03628
16.842,0.00971
16.844,0.00155
16.846,0.00306
16.848,0.01259
16.85,0.0244
16.852,0.03969
16.854,0.06702
16.856,0.08546
16.858,0.08633
16.86,0.07724
16.862,0.0607
16.864,0.04325
16.866,0.03386
16.868,0.02713
16.87,0.0182
16.872,0.00963
16.874,0.00377
16.876,0.00125
16.878,4.24E-04
16.88,9.84E-05
16.882,1.07E-05
16.884,4.33E-07
16.886,4.76E-09
16.888,0
16.89,0
16.892,0
16.894,0
16.896,0
16.898,0
16.9,0
16.902,0
16.904,0
16.906,0
16.908,4.29E-09
16.91,3.88E-07
16.912,9.31E-06
16.914,8.37E-05
16.916,3.61E-04
16.918,0.00103
16.92,0.00296
16.922,0.00759
16.924,0.01434
16.926,0.02089
16.928,0.02404
16.93,0.02024
16.932,0.01032
16.934,0.0027
16.936,0.00204
16.938,0.00786
16.94,0.02354
16.942,0.0575
16.944,0.09713
16.946,0.12228
16.948,0.13322
16.95,0.13543
16.952,0.13284
16.954,0.12506
16.956,0.11137
16.958,0.09156
16.96,0.07067
16.962,0.05481
16.964,0.03699
16.966,0.02185
16.968,0.01667
16.97,0.01256
16.972,0.00724
16.974,0.00324
16.976,0.00106
16.978,2.29E-04
16.98,4.49E-05
16.982,5.91E-04
16.984,0.00808
16.986,0.04822
16.988,0.13985
16.99,0.24194
16.992,0.31473
16.994,0.3597
16.996,0.3908
16.998,0.41195
17,0.41461
17.002,0.40542
17.004,0.41753
17.006,0.43634
17.008,0.41965
17.01,0.34295
17.012,0.27606
17.014,0.32901
17.016,0.3973
17.018,0.40433
17.02,0.36678
17.022,0.27151
17.024,0.13306
17.026,0.03851
17.028,0.03516
17.03,0.08748
17.032,0.17331
17.034,0.28228
17.036,0.36388
17.038,0.38955
17.04,0.34642
17.042,0.22743
17.044,0.11213
17.046,0.14778
17.048,0.29214
17.05,0.39875
17.052,0.43794
17.054,0.42947
17.056,0.36243
17.058,0.26988
17.06,0.28022
17.062,0.35986
17.064,0.3895
17.066,0.35589
17.068,0.27486
17.07,0.16181
17.072,0.05837
17.074,0.03445
17.076,0.08091
17.078,0.16401
17.08,0.2274
17.082,0.24025
17.084,0.23626
17.086,0.21437
17.088,0.1705
17.09,0.1172
17.092,0.06974
17.094,0.03164
17.096,0.0091
17.098,0.00142
17.1,1.02E-04
17.102,3.01E-06
17.104,1.19E-05
17.106,2.82E-04
17.108,0.00272
17.11,0.01288
17.112,0.03536
17.114,0.06012
17.116,0.06235
17.118,0.03774
17.12,0.02588
17.122,0.06941
17.124,0.16772
17.126,0.26283
17.128,0.30286
17.13,0.30066
17.132,0.31377
17.134,0.35077
17.136,0.39216
17.138,0.41903
17.14,0.42477
17.142,0.42673
17.144,0.43313
17.146,0.43126
17.148,0.41662
17.15,0.3775
17.152,0.2879
17.154,0.19975
17.156,0.21435
17.158,0.26135
17.16,0.23276
17.162,0.15986
17.164,0.09757
17.166,0.04283
17.168,0.02697
17.17,0.08648
17.172,0.18641
17.174,0.24466
17.176,0.24426
17.178,0.20728
17.18,0.18026
17.182,0.18624
17.184,0.18509
17.186,0.16147
17.188,0.12531
17.19,0.08782
17.192,0.05911
17.194,0.03752
17.196,0.02023
17.198,0.00828
17.2,0.00228
17.202,3.62E-04
17.204,2.75E-05
17.206,8.18E-07
17.208,6.04E-09
17.21,0
17.212,0
17.214,0
17.216,0
17.218,0
17.22,0
17.222,0
17.224,0
17.226,1.59E-09
17.228,3.15E-07
17.23,1.22E-05
17.232,1.86E-04
17.234,0.00138
17.236,0.00583
17.238,0.01629
17.24,0.03378
17.242,0.0561
17.244,0.07883
17.246,0.10022
17.248,0.11244
17.25,0.10738
17.252,0.11273
17.254,0.13027
17.256,0.14374
17.258,0.12863
17.26,0.08417
17.262,0.08573
17.264,0.17255
17.266,0.2539
17.268,0.29304
17.27,0.32319
17.272,0.34748
17.274,0.35436
17.276,0.33457
17.278,0.28831
17.28,0.28254
17.282,0.30819
17.284,0.26203
17.286,0.19894
17.288,0.2543
17.29,0.32543
17.292,0.34947
17.294,0.35705
17.296,0.34376
17.298,0.2925
17.3,0.23558
17.302,0.22074
17.304,0.20722
17.306,0.1845
17.308,0.13967
17.31,0.14449
17.312,0.20676
17.314,0.24171
17.316,0.24778
17.318,0.23969
17.32,0.22164
17.322,0.1944
17.324,0.16291
17.326,0.13237
17.328,0.09657
17.33,0.07518
17.332,0.06702
17.334,0.05198
17.336,0.03367
17.338,0.01918
17.34,0.00944
17.342,0.00365
17.344,0.00102
17.346,1.84E-04
17.348,1.80E-05
17.35,7.35E-07
17.352,8.87E-09
17.354,0
17.356,0
17.358,0
17.36,0
17.362,1.43E-10
17.364,6.96E-08
17.366,3.14E-06
17.368,4.81E-05
17.37,3.19E-04
17.372,0.00128
17.374,0.00419
17.376,0.00965
17.378,0.01454
17.38,0.021
17.382,0.04249
17.384,0.07647
17.386,0.10837
17.388,0.13673
17.39,0.16216
17.392,0.18466
17.394,0.20206
17.396,0.20358
17.398,0.16806
17.4,0.09427
17.402,0.03681
17.404,0.04003
17.406,0.1059
17.408,0.21501
17.41,0.30178
17.412,0.3456
17.414,0.369
17.416,0.38552
17.418,0.39993
17.42,0.41006
17.422,0.41327
17.424,0.40674
17.426,0.38456
17.428,0.33657
17.43,0.3227
17.432,0.38161
17.434,0.42855
17.436,0.44491
17.438,0.45201
17.44,0.45456
17.442,0.45524
17.444,0.44995
17.446,0.42325
17.448,0.34967
17.45,0.26598
17.452,0.25096
17.454,0.25678
17.456,0.2948
17.458,0.37757
17.46,0.42429
17.462,0.43521
17.464,0.43602
17.466,0.43511
17.468,0.43161
17.47,0.42255
17.472,0.40549
17.474,0.37761
17.476,0.34751
17.478,0.31222
17.48,0.27487
17.482,0.286
17.484,0.30268
17.486,0.28843
17.488,0.258
17.49,0.21749
17.492,0.16485
17.494,0.10268
17.496,0.04861
17.498,0.01729
17.5,0.00419
17.502,5.33E-04
17.504,3.48E-05
17.506,2.12E-04
17.508,0.00247
17.51,0.01311
17.512,0.03804
17.514,0.07247
17.516,0.10533
17.518,0.12897
17.52,0.14126
17.522,0.14318
17.524,0.13938
17.526,0.13313
17.528,0.11977
17.53,0.09696
17.532,0.08265
17.534,0.07821
17.536,0.06765
17.538,0.05292
17.54,0.03863
17.542,0.02564
17.544,0.01475
17.546,0.00723
17.548,0.00319
17.55,0.00118
17.552,3.05E-04
17.554,4.65E-05
17.556,3.30E-06
17.558,8.21E-08
17.56,2.81E-10
17.562,0
17.564,0
17.566,0
17.568,0
17.57,0
17.572,0
17.574,1.80E-10
17.576,6.16E-08
17.578,2.43E-06
17.58,3.46E-05
17.582,2.28E-04
17.584,8.77E-04
17.586,0.00233
17.588,0.00479
17.59,0.00807
17.592,0.01139
17.594,0.01462
17.596,0.01818
17.598,0.02073
17.6,0.02116
17.602,0.01936
17.604,0.01548
17.606,0.01061
17.608,0.00684
17.61,0.00447
17.612,0.00247
17.614,9.97E-04
17.616,2.78E-04
17.618,4.68E-05
17.62,3.65E-06
17.622,1.02E-07
17.624,4.78E-10
17.626,0
17.628,0
17.63,0
17.632,0
17.634,0
17.636,8.35E-10
17.638,1.54E-07
17.64,5.51E-06
17.642,7.26E-05
17.644,4.63E-04
17.646,0.00183
17.648,0.00519
17.65,0.01155
17.652,0.02132
17.654,0.03381
17.656,0.04661
17.658,0.05757
17.66,0.07579
17.662,0.10501
17.664,0.1326
17.666,0.15652
17.668,0.17891
17.67,0.20029
17.672,0.22004
17.674,0.2353
17.676,0.25009
17.678,0.26979
17.68,0.28558
17.682,0.28963
17.684,0.28033
17.686,0.28584
17.688,0.31127
17.69,0.3262
17.692,0.33856
17.694,0.35552
17.696,0.36691
17.698,0.37178
17.7,0.36477
17.702,0.34417
17.704,0.33811
17.706,0.35227
17.708,0.35089
17.71,0.32396
17.712,0.30266
17.714,0.2843
17.716,0.21011
17.718,0.16179
17.72,0.2066
17.722,0.24557
17.724,0.26421
17.726,0.26572
17.728,0.25646
17.73,0.23737
17.732,0.20674
17.734,0.16795
17.736,0.12333
17.738,0.08348
17.74,0.0523
17.742,0.02695
17.744,0.01021
17.746,0.00249
17.748,3.36E-04
17.75,2.16E-05
17.752,5.38E-07
17.754,3.99E-09
17.756,3.37E-07
17.758,1.40E-05
17.76,2.18E-04
17.762,0.00158
17.764,0.00664
17.766,0.01963
17.768,0.04271
17.77,0.07568
17.772,0.12265
17.774,0.1729
17.776,0.21436
17.778,0.25551
17.78,0.29829
17.782,0.33373
17.784,0.36062
17.786,0.37567
17.788,0.37527
17.79,0.3866
17.792,0.42437
17.794,0.45686
17.796,0.47582
17.798,0.49055
17.8,0.50384
17.802,0.51458
17.804,0.52331
17.806,0.53114
17.808,0.53745
17.81,0.53998
17.812,0.53541
17.814,0.51843
17.816,0.51396
17.818,0.53532
17.82,0.54818
17.822,0.55451
17.824,0.56108
17.826,0.55306
17.828,0.54384
17.83,0.55493
17.832,0.55046
17.834,0.47756
17.836,0.38586
17.838,0.41886
17.84,0.43204
17.842,0.3521
17.844,0.37672
17.846,0.4965
17.848,0.5585
17.85,0.57235
17.852,0.5677
17.854,0.54571
17.856,0.48875
17.858,0.36758
17.86,0.22821
17.862,0.22639
17.864,0.36008
17.866,0.46782
17.868,0.51484
17.87,0.55042
17.872,0.56884
17.874,0.55985
17.876,0.54322
17.878,0.53936
17.88,0.55755
17.882,0.5839
17.884,0.59342
17.886,0.58789
17.888,0.56814
17.89,0.52354
17.892,0.42324
17.894,0.26204
17.896,0.19201
17.898,0.31316
17.9,0.4659
17.902,0.5457
17.904,0.57801
17.906,0.59166
17.908,0.59748
17.91,0.59902
17.912,0.59822
17.914,0.59535
17.916,0.58836
17.918,0.56965
17.92,0.52417
17.922,0.47973
17.924,0.50085
17.926,0.53258
17.928,0.51496
17.93,0.45493
17.932,0.3456
17.934,0.20145
17.936,0.15896
17.938,0.24917
17.94,0.2925
17.942,0.21942
17.944,0.1009
17.946,0.02358
17.948,0.00321
17.95,0.01251
17.952,0.06783
17.954,0.18124
17.956,0.30149
17.958,0.3879
17.96,0.44131
17.962,0.47286
17.964,0.49121
17.966,0.50134
17.968,0.50521
17.97,0.50226
17.972,0.49284
17.974,0.48542
17.976,0.48342
17.978,0.47104
17.98,0.43467
17.982,0.37526
17.984,0.32566
17.986,0.33937
17.988,0.38467
17.99,0.40188
17.992,0.39605
17.994,0.38015
17.996,0.3574
17.998,0.32912
18,0.2985
18.002,0.26915
18.004,0.23748
18.006,0.2012
18.008,0.16178
18.01,0.12135
18.012,0.08273
18.014,0.04928
18.016,0.02422
18.018,0.00906
18.02,0.00232
18.022,3.55E-04
18.024,2.75E-05
18.026,8.71E-07
18.028,7.49E-09
18.03,0
18.032,3.67E-08
18.034,2.64E-06
18.036,6.20E-05
18.038,6.42E-04
18.04,0.00355
18.042,0.01221
18.044,0.02978
18.046,0.05676
18.048,0.09079
18.05,0.12823
18.052,0.16565
18.054,0.20253
18.056,0.24009
18.058,0.27511
18.06,0.30603
18.062,0.33309
18.064,0.35679
18.066,0.3776
18.068,0.39577
18.07,0.41166
18.072,0.42516
18.074,0.43562
18.076,0.44351
18.078,0.44758
18.08,0.445
18.082,0.43489
18.084,0.41524
18.086,0.41912
18.088,0.44856
18.09,0.46285
18.092,0.46002
18.094,0.44708
18.096,0.42228
18.098,0.37589
18.1,0.29199
18.102,0.16811
18.104,0.05664
18.106,0.01764
18.108,0.05955
18.11,0.17266
18.112,0.29508
18.114,0.37659
18.116,0.42122
18.118,0.44504
18.12,0.45792
18.122,0.4644
18.124,0.46652
18.126,0.46521
18.128,0.46157
18.13,0.45604
18.132,0.44591
18.134,0.42874
18.136,0.40875
18.138,0.40029
18.14,0.40085
18.142,0.39362
18.144,0.37868
18.146,0.35969
18.148,0.33715
18.15,0.30989
18.152,0.27533
18.154,0.22674
18.156,0.15231
18.158,0.06759
18.16,0.0352
18.162,0.05534
18.164,0.06417
18.166,0.04795
18.168,0.02626
18.17,0.01051
18.172,0.00281
18.174,4.40E-04
18.176,3.36E-05
18.178,1.03E-06
18.18,7.83E-09
18.182,7.16E-10
18.184,2.29E-07
18.186,1.06E-05
18.188,1.82E-04
18.19,0.00145
18.192,0.00639
18.194,0.01819
18.196,0.03813
18.198,0.06488
18.2,0.09504
18.202,0.12516
18.204,0.15294
18.206,0.17721
18.208,0.19763
18.21,0.21398
18.212,0.22584
18.214,0.23298
18.216,0.2355
18.218,0.2292
18.22,0.20897
18.222,0.19976
18.224,0.20932
18.226,0.20807
18.228,0.19492
18.23,0.17622
18.232,0.15352
18.234,0.12756
18.236,0.09936
18.238,0.07057
18.24,0.04343
18.242,0.02169
18.244,0.00806
18.246,0.0019
18.248,2.29E-04
18.25,1.16E-05
18.252,1.91E-07
18.254,4.28E-10
18.256,1.35E-07
18.258,6.50E-06
18.26,1.12E-04
18.262,8.54E-04
18.264,0.0035
18.266,0.00897
18.268,0.0164
18.27,0.02364
18.272,0.02889
18.274,0.03095
18.276,0.02964
18.278,0.02572
18.28,0.02031
18.282,0.01439
18.284,0.00889
18.286,0.00464
18.288,0.00196
18.29,6.25E-04
18.292,1.34E-04
18.294,1.53E-05
18.296,7.15E-07
18.298,9.87E-09
18.3,0
18.302,0
18.304,0
18.306,0
18.308,0
18.31,0
18.312,0
18.314,0
18.316,0
18.318,0
18.32,0
18.322,0
18.324,0
18.326,0
18.328,0
18.33,0
18.332,0
18.334,0
18.336,0
18.338,0
18.34,0
18.342,0
18.344,6.62E-11
18.346,5.24E-08
18.348,2.45E-06
18.35,3.89E-05
18.352,2.71E-04
18.354,0.0011
18.356,0.00321
18.358,0.00723
18.36,0.01354
18.362,0.022
18.364,0.03223
18.366,0.04355
18.368,0.05451
18.37,0.05963
18.372,0.05194
18.374,0.05439
18.376,0.08276
18.378,0.12557
18.38,0.17756
18.382,0.21211
18.384,0.23244
18.386,0.24329
18.388,0.23953
18.39,0.23708
18.392,0.25648
18.394,0.28213
18.396,0.30846
18.398,0.32864
18.4,0.33791
18.402,0.33241
18.404,0.29392
18.406,0.22453
18.408,0.21983
18.41,0.30152
18.412,0.36589
18.414,0.39302
18.416,0.40546
18.418,0.41268
18.42,0.41706
18.422,0.41878
18.424,0.41716
18.426,0.4121
18.428,0.40026
18.43,0.36698
18.432,0.29111
18.434,0.2076
18.436,0.22156
18.438,0.30899
18.44,0.36911
18.442,0.39055
18.444,0.39415
18.446,0.38933
18.448,0.37756
18.45,0.36209
18.452,0.34911
18.454,0.33327
18.456,0.31066
18.458,0.28252
18.46,0.24917
18.462,0.21062
18.464,0.16754
18.466,0.12172
18.468,0.07701
18.47,0.03951
18.472,0.01484
18.474,0.00356
18.476,4.67E-04
18.478,2.84E-05
18.48,6.52E-07
18.482,2.83E-07
18.484,1.50E-05
18.486,2.85E-04
18.488,0.00242
18.49,0.0107
18.492,0.02772
18.494,0.04376
18.496,0.04452
18.498,0.05884
18.5,0.12419
18.502,0.20364
18.504,0.26262
18.506,0.30404
18.508,0.33575
18.51,0.36173
18.512,0.38084
18.514,0.3923
18.516,0.40278
18.518,0.41877
18.52,0.4333
18.522,0.44039
18.524,0.43877
18.526,0.42212
18.528,0.36806
18.53,0.24383
18.532,0.10432
18.534,0.10471
18.536,0.24956
18.538,0.38433
18.54,0.44932
18.542,0.47676
18.544,0.4901
18.546,0.49726
18.548,0.50101
18.55,0.50354
18.552,0.50592
18.554,0.50716
18.556,0.50723
18.558,0.50651
18.56,0.50518
18.562,0.5033
18.564,0.50084
18.566,0.49778
18.568,0.49405
18.57,0.48954
18.572,0.48414
18.574,0.47747
18.576,0.46805
18.578,0.44926
18.58,0.40141
18.582,0.3338
18.584,0.30091
18.586,0.24112
18.588,0.18573
18.59,0.26187
18.592,0.35164
18.594,0.3789
18.596,0.37792
18.598,0.36833
18.6,0.35495
18.602,0.33914
18.604,0.32135
18.606,0.30173
18.608,0.2802
18.61,0.25667
18.612,0.23104
18.614,0.20303
18.616,0.1721
18.618,0.13637
18.62,0.09186
18.622,0.04289
18.624,0.01521
18.626,0.01597
18.628,0.01861
18.63,0.0129
18.632,0.00606
18.634,0.00199
18.636,4.25E-04
18.638,5.22E-05
18.64,3.03E-06
18.642,6.31E-08
18.644,8.17E-11
18.646,0
18.648,0
18.65,0
18.652,0
18.654,5.31E-08
18.656,2.70E-06
18.658,4.74E-05
18.66,3.79E-04
18.662,0.00175
18.664,0.00541
18.666,0.01191
18.668,0.01818
18.67,0.01837
18.672,0.02362
18.674,0.05494
18.676,0.09871
18.678,0.13654
18.68,0.16832
18.682,0.19672
18.684,0.22253
18.686,0.24538
18.688,0.26341
18.69,0.27329
18.692,0.27761
18.694,0.26801
18.696,0.21768
18.698,0.191
18.7,0.25804
18.702,0.32932
18.704,0.35856
18.706,0.36454
18.708,0.35517
18.71,0.32372
18.712,0.25351
18.714,0.14179
18.716,0.04492
18.718,0.02439
18.72,0.09031
18.722,0.2072
18.724,0.29833
18.726,0.32308
18.728,0.25976
18.73,0.15123
18.732,0.16115
18.734,0.29767
18.736,0.40663
18.738,0.45512
18.74,0.47503
18.742,0.48025
18.744,0.47199
18.746,0.4579
18.748,0.43363
18.75,0.42307
18.752,0.43504
18.754,0.38823
18.756,0.30406
18.758,0.31157
18.76,0.41271
18.762,0.48013
18.764,0.50085
18.766,0.50358
18.768,0.49657
18.77,0.47556
18.772,0.42537
18.774,0.33051
18.776,0.20811
18.778,0.1114
18.78,0.13255
18.782,0.27627
18.784,0.40603
18.786,0.4703
18.788,0.49791
18.79,0.51003
18.792,0.51465
18.794,0.5172
18.796,0.51484
18.798,0.50283
18.8,0.49841
18.802,0.50944
18.804,0.517
18.806,0.5144
18.808,0.49856
18.81,0.47177
18.812,0.46321
18.814,0.48537
18.816,0.50721
18.818,0.51633
18.82,0.51902
18.822,0.51939
18.824,0.5188
18.826,0.51765
18.828,0.51603
18.83,0.51433
18.832,0.51278
18.834,0.51102
18.836,0.50896
18.838,0.5067
18.84,0.50427
18.842,0.50165
18.844,0.49882
18.846,0.49556
18.848,0.49106
18.85,0.48223
18.852,0.46692
18.854,0.46006
18.856,0.46818
18.858,0.47327
18.86,0.47219
18.862,0.469
18.864,0.4651
18.866,0.4607
18.868,0.45585
18.87,0.45043
18.872,0.44413
18.874,0.43607
18.876,0.42413
18.878,0.40251
18.88,0.35389
18.882,0.28293
18.884,0.26787
18.886,0.2964
18.888,0.27825
18.89,0.25432
18.892,0.28655
18.894,0.32985
18.896,0.34845
18.898,0.34866
18.9,0.33928
18.902,0.32226
18.904,0.29345
18.906,0.24306
18.908,0.16476
18.91,0.07532
18.912,0.02521
18.914,0.04845
18.916,0.12457
18.918,0.19524
18.92,0.2324
18.922,0.24617
18.924,0.24858
18.926,0.24515
18.928,0.23847
18.93,0.23068
18.932,0.222
18.934,0.212
18.936,0.20118
18.938,0.18986
18.94,0.17808
18.942,0.16586
18.944,0.15326
18.946,0.14036
18.948,0.1271
18.95,0.11326
18.952,0.09806
18.954,0.07947
18.956,0.05537
18.958,0.03395
18.96,0.02949
18.962,0.03373
18.964,0.03361
18.966,0.02893
18.968,0.02257
18.97,0.01614
18.972,0.01031
18.974,0.00618
18.976,0.00407
18.978,0.00272
18.98,0.00157
18.982,7.67E-04
18.984,3.19E-04
18.986,1.04E-04
18.988,2.09E-05
18.99,1.80E-06
18.992,5.09E-08
18.994,1.83E-10
18.996,0
18.998,0
19,0
19.002,0
19.004,0
19.006,0
19.008,0
19.01,0
19.012,0
19.014,0
19.016,0
19.018,0
19.02,0
19.022,0
19.024,0
19.026,0
19.028,0
19.03,0
19.032,5.46E-10
19.034,8.30E-08
19.036,2.52E-06
19.038,2.57E-05
19.04,1.16E-04
19.042,3.27E-04
19.044,6.99E-04
19.046,0.00109
19.048,0.00117
19.05,0.00191
19.052,0.00515
19.054,0.01005
19.056,0.0154
19.058,0.02124
19.06,0.02771
19.062,0.03476
19.064,0.04224
19.066,0.04988
19.068,0.05705
19.07,0.06313
19.072,0.06883
19.074,0.07291
19.076,0.07018
19.078,0.05491
19.08,0.02843
19.082,0.00859
19.084,0.01125
19.086,0.04072
19.088,0.08391
19.09,0.1194
19.092,0.14311
19.094,0.15948
19.096,0.17165
19.098,0.18086
19.1,0.18822
19.102,0.19444
19.104,0.19689
19.106,0.18918
19.108,0.16066
19.11,0.12865
19.112,0.14447
19.114,0.1883
19.116,0.21301
19.118,0.22113
19.12,0.22786
19.122,0.23459
19.124,0.23541
19.126,0.22884
19.128,0.21082
19.13,0.18944
19.132,0.20296
19.134,0.23193
19.136,0.24499
19.138,0.2481
19.14,0.24809
19.142,0.24733
19.144,0.2464
19.146,0.24476
19.148,0.24243
19.15,0.23961
19.152,0.23635
19.154,0.23266
19.156,0.22857
19.158,0.22405
19.16,0.21912
19.162,0.21378
19.164,0.20807
19.166,0.20195
19.168,0.19539
19.17,0.18841
19.172,0.18108
19.174,0.17332
19.176,0.16497
19.178,0.15565
19.18,0.14527
19.182,0.13596
19.184,0.128
19.186,0.11884
19.188,0.10758
19.19,0.0959
19.192,0.0872
19.194,0.07904
19.196,0.06963
19.198,0.05993
19.2,0.05047
19.202,0.04143
19.204,0.03306
19.206,0.02553
19.208,0.01888
19.21,0.01323
19.212,0.00869
19.214,0.00525
19.216,0.00284
19.218,0.00132
19.22,5.04E-04
19.222,1.41E-04
19.224,2.27E-05
19.226,1.55E-06
19.228,3.50E-08
19.23,0
19.232,0
19.234,0
19.236,0
19.238,0
19.24,0
19.242,0
19.244,0
19.246,0
19.248,0
19.25,0
19.252,0
19.254,0
19.256,0
19.258,0
19.26,0
19.262,1.10E-09
19.264,1.21E-07
19.266,3.01E-06
19.268,2.48E-05
19.27,8.75E-05
19.272,1.87E-04
19.274,3.14E-04
19.276,4.48E-04
19.278,5.57E-04
19.28,6.10E-04
19.282,5.84E-04
19.284,4.72E-04
19.286,2.84E-04
19.288,1.02E-04
19.29,3.10E-05
19.292,2.00E-05
19.294,6.32E-06
19.296,5.71E-07
19.298,1.41E-08
19.3,0
19.302,0
19.304,0
19.306,0
19.308,0
19.31,0
19.312,0
19.314,0
19.316,0
19.318,0
19.32,0
19.322,0
19.324,0
19.326,0
19.328,0
19.33,0
19.332,0
19.334,0
19.336,0
19.338,0
19.34,0
19.342,0
19.344,0
19.346,0
19.348,0
19.35,0
19.352,0
19.354,0
19.356,0
19.358,0
19.36,0
19.362,0
19.364,0
19.366,0
19.368,2.04E-09
19.37,1.84E-07
19.372,4.27E-06
19.374,3.41E-05
19.376,1.20E-04
19.378,2.37E-04
19.38,2.60E-04
19.382,1.97E-04
19.384,6.58E-04
19.386,0.00253
19.388,0.00575
19.39,0.00965
19.392,0.01403
19.394,0.01886
19.396,0.02403
19.398,0.02935
19.4,0.03442
19.402,0.03868
19.404,0.04137
19.406,0.04106
19.408,0.03525
19.41,0.02289
19.412,0.00913
19.414,0.0018
19.416,4.39E-04
19.418,0.00103
19.42,0.0023
19.422,0.00845
19.424,0.01792
19.426,0.0154
19.428,0.00772
19.43,0.01895
19.432,0.05325
19.434,0.0863
19.436,0.09768
19.438,0.08368
19.44,0.04897
19.442,0.0158
19.444,0.00417
19.446,0.01625
19.448,0.05758
19.45,0.11284
19.452,0.15497
19.454,0.17539
19.456,0.17008
19.458,0.1402
19.46,0.13605
19.462,0.18376
19.464,0.22976
19.466,0.25336
19.468,0.26582
19.47,0.27412
19.472,0.28043
19.474,0.28534
19.476,0.28846
19.478,0.29025
19.48,0.29409
19.482,0.29879
19.484,0.30178
19.486,0.30358
19.488,0.30457
19.49,0.30451
19.492,0.30259
19.494,0.29638
19.496,0.28061
19.498,0.25961
19.5,0.25881
19.502,0.27748
19.504,0.28965
19.506,0.29132
19.508,0.28817
19.51,0.28165
19.512,0.27025
19.514,0.25656
19.516,0.24518
19.518,0.23124
19.52,0.20707
19.522,0.16863
19.524,0.1166
19.526,0.06458
19.528,0.02627
19.53,0.00614
19.532,6.32E-04
19.534,3.16E-05
19.536,2.89E-04
19.538,0.00391
19.54,0.02167
19.542,0.05976
19.544,0.10221
19.546,0.13102
19.548,0.14034
19.55,0.1278
19.552,0.09175
19.554,0.04409
19.556,0.01653
19.558,0.02903
19.56,0.0666
19.562,0.09532
19.564,0.10205
19.566,0.09341
19.568,0.07666
19.57,0.05619
19.572,0.03553
19.574,0.01823
19.576,0.00692
19.578,0.00171
19.58,2.36E-04
19.582,1.51E-05
19.584,3.64E-07
19.586,1.39E-09
19.588,9.50E-11
19.59,1.42E-07
19.592,8.57E-06
19.594,1.73E-04
19.596,0.00148
19.598,0.00653
19.6,0.01767
19.602,0.03426
19.604,0.05323
19.606,0.07197
19.608,0.0897
19.61,0.10537
19.612,0.11809
19.614,0.1281
19.616,0.13573
19.618,0.14126
19.62,0.14498
19.622,0.14714
19.624,0.14792
19.626,0.14744
19.628,0.14584
19.63,0.14341
19.632,0.14034
19.634,0.13644
19.636,0.1316
19.638,0.12624
19.64,0.12105
19.642,0.11557
19.644,0.10945
19.646,0.10289
19.648,0.09595
19.65,0.08864
19.652,0.0805
19.654,0.07096
19.656,0.06397
19.658,0.05961
19.66,0.05386
19.662,0.04734
19.664,0.04092
19.666,0.03481
19.668,0.02907
19.67,0.02377
19.672,0.01897
19.674,0.01469
19.676,0.01098
19.678,0.00783
19.68,0.00521
19.682,0.00309
19.684,0.00147
19.686,4.54E-04
19.688,7.52E-05
19.69,2.93E-05
19.692,4.68E-05
19.694,3.16E-05
19.696,7.51E-06
19.698,5.70E-07
19.7,1.24E-08
19.702,0
19.704,0
19.706,0
19.708,0
19.71,0
19.712,0
19.714,0
19.716,0
19.718,0
19.72,0
19.722,0
19.724,0
19.726,0
19.728,0
19.73,0
19.732,0
19.734,0
19.736,0
19.738,0
19.74,0
19.742,0
19.744,0
19.746,0
19.748,0
19.75,0
19.752,1.98E-10
19.754,4.81E-08
19.756,1.60E-06
19.758,1.71E-05
19.76,7.51E-05
19.762,1.96E-04
19.764,4.13E-04
19.766,7.76E-04
19.768,0.00134
19.77,0.00215
19.772,0.00323
19.774,0.00461
19.776,0.00627
19.778,0.00806
19.78,0.00958
19.782,0.0108
19.784,0.01294
19.786,0.0165
19.788,0.0204
19.79,0.02372
19.792,0.02652
19.794,0.02894
19.796,0.031
19.798,0.03259
19.8,0.03348
19.802,0.03342
19.804,0.03228
19.806,0.0307
19.808,0.02854
19.81,0.02487
19.812,0.01975
19.814,0.01369
19.816,0.00767
19.818,0.00312
19.82,8.16E-04
19.822,1.16E-04
19.824,7.36E-06
19.826,2.29E-07
19.828,3.66E-06
19.83,6.89E-05
19.832,5.40E-04
19.834,0.00216
19.836,0.00521
19.838,0.00863
19.84,0.01033
19.842,0.01025
19.844,0.01229
19.846,0.01549
19.848,0.01625
19.85,0.01454
19.852,0.01102
19.854,0.0071
19.856,0.0055
19.858,0.00617
19.86,0.0065
19.862,0.00575
19.864,0.00454
19.866,0.00331
19.868,0.00226
19.87,0.00144
19.872,8.48E-04
19.874,4.56E-04
19.876,2.19E-04
19.878,8.54E-05
19.88,2.05E-05
19.882,2.10E-06
19.884,6.98E-08
19.886,4.18E-10
19.888,0
19.89,0
19.892,0
19.894,0
19.896,0
19.898,0
19.9,0
19.902,0
19.904,0
19.906,0
19.908,0
19.91,0
19.912,0
19.914,0
19.916,0
19.918,0
19.92,0
19.922,0
19.924,0
19.926,0
19.928,0
19.93,0
19.932,0
19.934,0
19.936,0
19.938,1.81E-09
19.94,1.85E-07
19.942,4.68E-06
19.944,4.17E-05
19.946,1.74E-04
19.948,4.68E-04
19.95,1.00E-03
19.952,0.00183
19.954,0.003
19.956,0.00443
19.958,0.00582
19.96,0.0064
19.962,0.00499
19.964,0.00249
19.966,0.00133
19.968,7.63E-04
19.97,3.35E-04
19.972,5.04E-04
19.974,0.00102
19.976,0.00541
19.978,0.01953
19.98,0.03942
19.982,0.05705
19.984,0.07108
19.986,0.08286
19.988,0.09327
19.99,0.10261
19.992,0.11065
19.994,0.11553
19.996,0.11117
19.998,0.10202
20,0.1118
20.002,0.1264
20.004,0.12473
20.006,0.10571
20.008,0.06881
20.01,0.02764
20.012,0.00705
20.014,0.01523
20.016,0.05491
20.018,0.11117
20.02,0.15782
20.022,0.189
20.024,0.20997
20.026,0.22508
20.028,0.23661
20.03,0.24625
20.032,0.25464
20.034,0.2614
20.036,0.26625
20.038,0.26791
20.04,0.26225
20.042,0.24393
20.044,0.22512
20.046,0.23322
20.048,0.261
20.05,0.28735
20.052,0.30317
20.054,0.31008
20.056,0.31057
20.058,0.30676
20.06,0.30931
20.062,0.31952
20.064,0.32682
20.066,0.33194
20.068,0.33656
20.07,0.33691
20.072,0.32872
20.074,0.31379
20.076,0.31201
20.078,0.32931
20.08,0.34091
20.082,0.33963
20.084,0.34481
20.086,0.35878
20.088,0.36781
20.09,0.37213
20.092,0.37497
20.094,0.37728
20.096,0.3793
20.098,0.38113
20.1,0.38281
20.102,0.38434
20.104,0.38572
20.106,0.38682
20.108,0.38731
20.11,0.38747
20.112,0.38886
20.114,0.39089
20.116,0.39226
20.118,0.39317
20.12,0.39392
20.122,0.39455
20.124,0.39509
20.126,0.39551
20.128,0.39581
20.13,0.396
20.132,0.39613
20.134,0.3961
20.136,0.39585
20.138,0.39526
20.14,0.39382
20.142,0.38855
20.144,0.36695
20.146,0.33067
20.148,0.33737
20.15,0.37198
20.152,0.38408
20.154,0.38455
20.156,0.3868
20.158,0.38898
20.16,0.38913
20.162,0.38837
20.164,0.38727
20.166,0.38595
20.168,0.38446
20.17,0.38284
20.172,0.38113
20.174,0.37927
20.176,0.37721
20.178,0.37497
20.18,0.37252
20.182,0.36985
20.184,0.36686
20.186,0.36309
20.188,0.35682
20.19,0.34691
20.192,0.34164
20.194,0.34405
20.196,0.34436
20.198,0.34116
20.2,0.33662
20.202,0.33135
20.204,0.32533
20.206,0.31881
20.208,0.31197
20.21,0.30425
20.212,0.29532
20.214,0.28506
20.216,0.27313
20.218,0.25901
20.22,0.24195
20.222,0.22091
20.224,0.19436
20.226,0.16053
20.228,0.11837
20.23,0.07091
20.232,0.02957
20.234,0.00704
20.236,7.93E-04
20.238,2.88E-04
20.24,0.00303
20.242,0.01576
20.244,0.04315
20.246,0.07638
20.248,0.10402
20.25,0.12235
20.252,0.13251
20.254,0.13666
20.256,0.13654
20.258,0.13341
20.26,0.12809
20.262,0.12117
20.264,0.11308
20.266,0.10412
20.268,0.09454
20.27,0.08458
20.272,0.07443
20.274,0.06425
20.276,0.05421
20.278,0.04445
20.28,0.0349
20.282,0.02524
20.284,0.01612
20.286,0.01048
20.288,0.00809
20.29,0.00586
20.292,0.00359
20.294,0.00189
20.296,8.66E-04
20.298,3.31E-04
20.3,9.60E-05
20.302,1.61E-05
20.304,1.13E-06
20.306,2.52E-08
20.308,0
20.31,0
20.312,0
20.314,0
20.316,0
20.318,0
20.32,0
20.322,0
20.324,0
20.326,0
20.328,0
20.33,0
20.332,0
20.334,0
20.336,0
20.338,0
20.34,0
20.342,0
20.344,1.91E-08
20.346,1.06E-06
20.348,1.84E-05
20.35,1.32E-04
20.352,5.22E-04
20.354,0.00144
20.356,0.00317
20.358,0.00594
20.36,0.00984
20.362,0.01488
20.364,0.02101
20.366,0.02829
20.368,0.03663
20.37,0.04568
20.372,0.05523
20.374,0.06515
20.376,0.0753
20.378,0.08556
20.38,0.09582
20.382,0.10595
20.384,0.1159
20.386,0.12557
20.388,0.13488
20.39,0.14377
20.392,0.15215
20.394,0.1598
20.396,0.16587
20.398,0.16753
20.4,0.16588
20.402,0.17341
20.404,0.18619
20.406,0.19351
20.408,0.19662
20.41,0.19712
20.412,0.1946
20.414,0.18753
20.416,0.17301
20.418,0.14609
20.42,0.1021
20.422,0.04931
20.424,0.01309
20.426,0.0037
20.428,0.01727
20.43,0.06001
20.432,0.11842
20.434,0.16659
20.436,0.19781
20.438,0.21705
20.44,0.22802
20.442,0.23472
20.444,0.24392
20.446,0.25284
20.448,0.25784
20.45,0.2602
20.452,0.26055
20.454,0.25797
20.456,0.24884
20.458,0.2259
20.46,0.19459
20.462,0.19124
20.464,0.2206
20.466,0.24407
20.468,0.24844
20.47,0.24787
20.472,0.25499
20.474,0.25924
20.476,0.25642
20.478,0.25195
20.48,0.25237
20.482,0.25432
20.484,0.25351
20.486,0.25072
20.488,0.24649
20.49,0.24005
20.492,0.22802
20.494,0.19872
20.496,0.13724
20.498,0.08817
20.5,0.12108
20.502,0.17908
20.504,0.20527
20.506,0.21129
20.508,0.21078
20.51,0.20795
20.512,0.20397
20.514,0.19928
20.516,0.19403
20.518,0.18825
20.52,0.18178
20.522,0.1739
20.524,0.16282
20.526,0.14804
20.528,0.13617
20.53,0.12572
20.532,0.11172
20.534,0.10936
20.536,0.11184
20.538,0.10742
20.54,0.10043
20.542,0.09195
20.544,0.08177
20.546,0.07062
20.548,0.05892
20.55,0.04692
20.552,0.03494
20.554,0.02383
20.556,0.01433
20.558,0.00709
20.56,0.00263
20.562,6.50E-04
20.564,9.07E-05
20.566,5.80E-06
20.568,1.33E-07
20.57,3.38E-10
20.572,2.95E-09
20.574,3.07E-07
20.576,7.68E-06
20.578,6.61E-05
20.58,2.26E-04
20.582,3.55E-04
20.584,4.55E-04
20.586,0.00122
20.588,0.00303
20.59,0.00499
20.592,0.00622
20.594,0.00664
20.596,0.00645
20.598,0.00588
20.6,0.00509
20.602,0.00421
20.604,0.00334
20.606,0.00254
20.608,0.00185
20.61,0.00128
20.612,8.44E-04
20.614,5.23E-04
20.616,3.03E-04
20.618,1.61E-04
20.62,7.14E-05
20.622,1.93E-05
20.624,2.19E-06
20.626,8.04E-08
20.628,6.48E-10
20.63,0
20.632,0
20.634,0
20.636,0
20.638,0
20.64,0
20.642,0
20.644,0
20.646,0
20.648,0
20.65,0
20.652,0
20.654,0
20.656,0
20.658,0
20.66,0
20.662,0
20.664,0
20.666,0
20.668,0
20.67,0
20.672,0
20.674,0
20.676,0
20.678,0
20.68,0
20.682,0
20.684,0
20.686,0
20.688,0
20.69,0
20.692,0
20.694,0
20.696,2.12E-09
20.698,1.78E-07
20.7,3.82E-06
20.702,2.77E-05
20.704,9.04E-05
20.706,1.96E-04
20.708,3.65E-04
20.71,6.29E-04
20.712,0.00103
20.714,0.00161
20.716,0.00239
20.718,0.00341
20.72,0.00468
20.722,0.00622
20.724,0.00805
20.726,0.01015
20.728,0.01251
20.73,0.01509
20.732,0.01783
20.734,0.02061
20.736,0.02315
20.738,0.02478
20.74,0.02395
20.742,0.01901
20.744,0.01387
20.746,0.0179
20.748,0.03033
20.75,0.04213
20.752,0.0503
20.754,0.0561
20.756,0.0606
20.758,0.06416
20.76,0.06685
20.762,0.06871
20.764,0.0698
20.766,0.06971
20.768,0.06794
20.77,0.06408
20.772,0.05758
20.774,0.04755
20.776,0.03315
20.778,0.01722
20.78,0.00706
20.782,0.00255
20.784,5.51E-04
20.786,5.04E-05
20.788,2.94E-06
20.79,4.48E-05
20.792,5.86E-04
20.794,0.00339
20.796,0.0099
20.798,0.01584
20.8,0.01546
20.802,0.01836
20.804,0.03738
20.806,0.06086
20.808,0.07311
20.81,0.07053
20.812,0.05359
20.814,0.02815
20.816,0.00851
20.818,0.00278
20.82,0.01127
20.822,0.03805
20.824,0.07644
20.826,0.11153
20.828,0.13753
20.83,0.15578
20.832,0.16879
20.834,0.17807
20.836,0.18372
20.838,0.18758
20.84,0.19404
20.842,0.2009
20.844,0.20556
20.846,0.20896
20.848,0.21176
20.85,0.21414
20.852,0.21618
20.854,0.21789
20.856,0.2192
20.858,0.22011
20.86,0.22114
20.862,0.2222
20.864,0.2228
20.866,0.22287
20.868,0.22221
20.87,0.21972
20.872,0.21346
20.874,0.20644
20.876,0.2047
20.878,0.19845
20.88,0.17986
20.882,0.15657
20.884,0.11491
20.886,0.07713
20.888,0.10789
20.89,0.16658
20.892,0.19835
20.894,0.20969
20.896,0.21374
20.898,0.21517
20.9,0.21542
20.902,0.21501
20.904,0.21418
20.906,0.21303
20.908,0.21158
20.91,0.20989
20.912,0.20819
20.914,0.20648
20.916,0.20455
20.918,0.20237
20.92,0.19992
20.922,0.19728
20.924,0.19456
20.926,0.1918
20.928,0.18916
20.93,0.18641
20.932,0.18336
20.934,0.18004
20.936,0.17649
20.938,0.17273
20.94,0.16874
20.942,0.16451
20.944,0.16001
20.946,0.15522
20.948,0.1501
20.95,0.14463
20.952,0.13875
20.954,0.13238
20.956,0.12548
20.958,0.11796
20.96,0.10983
20.962,0.10103
20.964,0.09137
20.966,0.08077
20.968,0.06917
20.97,0.05656
20.972,0.04362
20.974,0.03109
20.976,0.01946
20.978,0.00995
20.98,0.00377
20.982,9.30E-04
20.984,1.27E-04
20.986,7.85E-06
20.988,1.75E-07
20.99,2.35E-09
20.992,3.15E-07
20.994,1.12E-05
20.996,1.50E-04
20.998,9.35E-04
21,0.0033
21.002,0.00776
21.004,0.01381
21.006,0.02034
21.008,0.02644
21.01,0.03162
21.012,0.03568
21.014,0.03864
21.016,0.0406
21.018,0.04171
21.02,0.04211
21.022,0.04191
21.024,0.04122
21.026,0.04015
21.028,0.03878
21.03,0.03716
21.032,0.03536
21.034,0.03342
21.036,0.03139
21.038,0.0293
21.04,0.02718
21.042,0.02505
21.044,0.02292
21.046,0.02077
21.048,0.01868
21.05,0.01681
21.052,0.01506
21.054,0.01334
21.056,0.01171
21.058,0.01017
21.06,0.00875
21.062,0.00745
21.064,0.00627
21.066,0.00521
21.068,0.00428
21.07,0.00346
21.072,0.00275
21.074,0.00215
21.076,0.00165
21.078,0.00124
21.08,9.07E-04
21.082,6.47E-04
21.084,4.48E-04
21.086,3.00E-04
21.088,1.93E-04
21.09,1.18E-04
21.092,6.11E-05
21.094,1.92E-05
21.096,2.49E-06
21.098,1.03E-07
21.1,9.62E-10
21.102,0
21.104,0
21.106,0
21.108,0
21.11,0
21.112,0
21.114,0
21.116,0
21.118,0
21.12,0
21.122,0
21.124,0
21.126,0
21.128,0
21.13,0
21.132,0
21.134,0
21.136,0
21.138,0
21.14,0
21.142,0
21.144,0
21.146,0
21.148,0
21.15,0
21.152,0
21.154,0
21.156,0
21.158,0
21.16,0
21.162,0
21.164,0
21.166,0
21.168,0
21.17,0
21.172,0
21.174,0
21.176,0
21.178,0
21.18,0
21.182,0
21.184,0
21.186,0
21.188,0
21.19,0
21.192,0
21.194,0
21.196,0
21.198,0
21.2,0
21.202,0
21.204,0
21.206,0
21.208,0
21.21,0
21.212,0
21.214,0
21.216,0
21.218,0
21.22,0
21.222,0
21.224,9.46E-11
21.226,3.32E-08
21.228,1.10E-06
21.23,1.11E-05
21.232,4.03E-05
21.234,7.31E-05
21.236,9.86E-05
21.238,1.30E-04
21.24,1.59E-04
21.242,1.60E-04
21.244,1.23E-04
21.246,6.20E-05
21.248,1.53E-05
21.25,1.40E-06
21.252,3.96E-08
21.254,9.62E-11
21.256,0
21.258,0
21.26,2.10E-08
21.262,1.68E-06
21.264,3.80E-05
21.266,3.22E-04
21.268,0.00125
21.27,0.00279
21.272,0.00447
21.274,0.00597
21.276,0.00735
21.278,0.00872
21.28,0.00972
21.282,0.0099
21.284,0.00875
21.286,0.00588
21.288,0.00244
21.29,8.06E-04
21.292,0.00213
21.294,0.00635
21.296,0.01131
21.298,0.01483
21.3,0.01669
21.302,0.01733
21.304,0.01706
21.306,0.016
21.308,0.01416
21.31,0.01146
21.312,0.00794
21.314,0.00422
21.316,0.00173
21.318,9.78E-04
21.32,7.70E-04
21.322,4.09E-04
21.324,1.20E-04
21.326,1.74E-05
21.328,9.96E-07
21.33,1.76E-08
21.332,0
21.334,0
21.336,1.10E-09
21.338,1.45E-07
21.34,4.06E-06
21.342,3.90E-05
21.344,1.59E-04
21.346,3.59E-04
21.348,5.33E-04
21.35,5.66E-04
21.352,4.50E-04
21.354,2.69E-04
21.356,1.11E-04
21.358,2.56E-05
21.36,2.48E-06
21.362,7.98E-08
21.364,4.83E-10
21.366,0
21.368,0
21.37,0
21.372,0
21.374,0
21.376,0
21.378,6.17E-10
21.38,1.09E-07
21.382,3.50E-06
21.384,3.93E-05
21.386,2.05E-04
21.388,6.93E-04
21.39,0.00176
21.392,0.00349
21.394,0.00598
21.396,0.00936
21.398,0.01294
21.4,0.01581
21.402,0.01706
21.404,0.01543
21.406,0.01033
21.408,0.00424
21.41,0.00122
21.412,0.00182
21.414,0.00318
21.416,0.00254
21.418,9.35E-04
21.42,1.51E-04
21.422,9.87E-06
21.424,1.40E-05
21.426,2.53E-04
21.428,0.00197
21.43,0.00775
21.432,0.01858
21.434,0.0315
21.436,0.04144
21.438,0.04745
21.44,0.05757
21.442,0.07085
21.444,0.07935
21.446,0.08273
21.448,0.08229
21.45,0.07837
21.452,0.0698
21.454,0.05515
21.456,0.0353
21.458,0.0158
21.46,0.00409
21.462,5.59E-04
21.464,8.93E-04
21.466,0.00606
21.468,0.0212
21.47,0.04491
21.472,0.06873
21.474,0.08677
21.476,0.09921
21.478,0.10597
21.48,0.10609
21.482,0.11021
21.484,0.12308
21.486,0.13471
21.488,0.14131
21.49,0.14514
21.492,0.14774
21.494,0.14967
21.496,0.15112
21.498,0.15223
21.5,0.15304
21.502,0.1536
21.504,0.15394
21.506,0.15408
21.508,0.15403
21.51,0.15378
21.512,0.1533
21.514,0.15248
21.516,0.15089
21.518,0.14669
21.52,0.13764
21.522,0.1319
21.524,0.13693
21.526,0.14036
21.528,0.13509
21.53,0.11757
21.532,0.09553
21.534,0.09904
21.536,0.11995
21.538,0.13125
21.54,0.13362
21.542,0.13286
21.544,0.13091
21.546,0.12826
21.548,0.12498
21.55,0.121
21.552,0.11616
21.554,0.11019
21.556,0.10262
21.558,0.09277
21.56,0.07991
21.562,0.06328
21.564,0.04261
21.566,0.02132
21.568,0.00659
21.57,0.00104
21.572,3.28E-04
21.574,0.00195
21.576,0.00579
21.578,0.00895
21.58,0.01564
21.582,0.03033
21.584,0.04473
21.586,0.05844
21.588,0.06641
21.59,0.06583
21.592,0.06521
21.594,0.06959
21.596,0.07395
21.598,0.07534
21.6,0.0748
21.602,0.07335
21.604,0.07138
21.606,0.06906
21.608,0.06644
21.61,0.06354
21.612,0.06054
21.614,0.05757
21.616,0.05441
21.618,0.05114
21.62,0.04796
21.622,0.04466
21.624,0.04113
21.626,0.03736
21.628,0.03357
21.63,0.03009
21.632,0.02667
21.634,0.02313
21.636,0.01959
21.638,0.01616
21.64,0.0129
21.642,0.00987
21.644,0.00717
21.646,0.00486
21.648,0.00301
21.65,0.00166
21.652,7.79E-04
21.654,2.93E-04
21.656,7.58E-05
21.658,1.02E-05
21.66,5.29E-07
21.662,7.96E-09
21.664,0
21.666,0
21.668,0
21.67,0
21.672,0
21.674,0
21.676,0
21.678,0
21.68,6.77E-10
21.682,9.85E-08
21.684,2.78E-06
21.686,2.61E-05
21.688,1.05E-04
21.69,2.54E-04
21.692,4.69E-04
21.694,7.33E-04
21.696,0.001
21.698,0.00123
21.7,0.00133
21.702,0.00123
21.704,8.43E-04
21.706,3.50E-04
21.708,9.18E-05
21.71,1.96E-04
21.712,6.37E-04
21.714,0.00115
21.716,0.00147
21.718,0.00156
21.72,0.00153
21.722,0.00144
21.724,0.00131
21.726,0.00117
21.728,0.00102
21.73,8.79E-04
21.732,7.44E-04
21.734,6.20E-04
21.736,5.08E-04
21.738,4.09E-04
21.74,3.22E-04
21.742,2.47E-04
21.744,1.82E-04
21.746,1.24E-04
21.748,7.74E-05
21.75,4.93E-05
21.752,2.73E-05
21.754,7.28E-06
21.756,6.54E-07
21.758,1.69E-08
21.76,0
21.762,0
21.764,0
21.766,0
21.768,0
21.77,0
21.772,0
21.774,0
21.776,0
21.778,0
21.78,0
21.782,0
21.784,0
21.786,0
21.788,0
21.79,0
21.792,0
21.794,0
21.796,0
21.798,0
21.8,0
21.802,0
21.804,0
21.806,0
21.808,0
21.81,0
21.812,0
21.814,0
21.816,0
21.818,0
21.82,0
21.822,0
21.824,0
21.826,0
21.828,0
21.83,0
21.832,0
21.834,0
21.836,0
21.838,0
21.84,0
21.842,0
21.844,0
21.846,0
21.848,0
21.85,0
21.852,0
21.854,0
21.856,0
21.858,0
21.86,0
21.862,0
21.864,0
21.866,0
21.868,0
21.87,0
21.872,0
21.874,0
21.876,0
21.878,0
21.88,0
21.882,0
21.884,0
21.886,0
21.888,0
21.89,0
21.892,0
21.894,0
21.896,0
21.898,0
21.9,0
21.902,0
21.904,0
21.906,0
21.908,0
21.91,0
21.912,0
21.914,0
21.916,0
21.918,0
21.92,0
21.922,0
21.924,0
21.926,0
21.928,0
21.93,0
21.932,0
21.934,0
21.936,0
21.938,0
21.94,0
21.942,0
21.944,0
21.946,0
21.948,0
21.95,0
21.952,2.70E-10
21.954,5.37E-08
21.956,1.69E-06
21.958,1.65E-05
21.96,6.26E-05
21.962,1.28E-04
21.964,1.92E-04
21.966,2.52E-04
21.968,2.98E-04
21.97,3.12E-04
21.972,2.71E-04
21.974,1.68E-04
21.976,5.81E-05
21.978,9.66E-06
21.98,1.98E-05
21.982,1.28E-04
21.984,4.06E-04
21.986,7.91E-04
21.988,0.00117
21.99,0.0015
21.992,0.00178
21.994,0.00201
21.996,0.00221
21.998,0.00238
22,0.00251
22.002,0.00261
22.004,0.00268
22.006,0.00271
22.008,0.00271
22.01,0.00267
22.012,0.00259
22.014,0.00246
22.016,0.0023
22.018,0.0021
22.02,0.00185
22.022,0.00155
22.024,0.0012
22.026,7.77E-04
22.028,3.67E-04
22.03,1.11E-04
22.032,7.20E-05
22.034,1.55E-04
22.036,2.20E-04
22.038,2.13E-04
22.04,1.64E-04
22.042,1.07E-04
22.044,5.34E-05
22.046,1.46E-05
22.048,1.54E-06
22.05,5.01E-08
22.052,2.67E-10
22.054,0
22.056,0
22.058,0
22.06,0
22.062,0
22.064,0
22.066,0
22.068,0
22.07,0
22.072,0
22.074,0
22.076,0
22.078,0
22.08,0
22.082,0
22.084,0
22.086,0
22.088,0
22.09,0
22.092,0
22.094,0
22.096,0
22.098,0
22.1,0
22.102,0
22.104,0
22.106,0
22.108,0
22.11,2.56E-09
22.112,1.88E-07
22.114,3.70E-06
22.116,2.37E-05
22.118,6.34E-05
22.12,1.02E-04
22.122,1.26E-04
22.124,1.26E-04
22.126,9.35E-05
22.128,4.18E-05
22.13,8.26E-06
22.132,5.63E-07
22.134,1.11E-08
22.136,0
22.138,0
22.14,3.80E-08
22.142,1.87E-06
22.144,3.01E-05
22.146,2.07E-04
22.148,7.85E-04
22.15,0.00201
22.152,0.00393
22.154,0.00645
22.156,0.00939
22.158,0.01258
22.16,0.0159
22.162,0.01927
22.164,0.02262
22.166,0.02591
22.168,0.0291
22.17,0.03217
22.172,0.03508
22.174,0.03779
22.176,0.04029
22.178,0.04251
22.18,0.04439
22.182,0.04584
22.184,0.04675
22.186,0.04691
22.188,0.04607
22.19,0.04393
22.192,0.04008
22.194,0.03391
22.196,0.02507
22.198,0.01465
22.2,0.00582
22.202,0.00131
22.204,1.49E-04
22.206,2.48E-04
22.208,0.00199
22.21,0.00794
22.212,0.01856
22.214,0.03104
22.216,0.04278
22.218,0.05184
22.22,0.05747
22.222,0.05954
22.224,0.05751
22.226,0.0505
22.228,0.03921
22.23,0.02596
22.232,0.01237
22.234,0.0047
22.236,0.00628
22.238,0.01421
22.24,0.01876
22.242,0.0127
22.244,0.00625
22.246,0.01336
22.248,0.03485
22.25,0.05828
22.252,0.07466
22.254,0.08446
22.256,0.0903
22.258,0.09368
22.26,0.09548
22.262,0.09698
22.264,0.09872
22.266,0.09995
22.268,0.10045
22.27,0.1004
22.272,0.0998
22.274,0.09831
22.276,0.09437
22.278,0.08507
22.28,0.07577
22.282,0.07943
22.284,0.08814
22.286,0.09159
22.288,0.09158
22.29,0.09042
22.292,0.08877
22.294,0.08683
22.296,0.08465
22.298,0.08224
22.3,0.07962
22.302,0.07676
22.304,0.07363
22.306,0.07012
22.308,0.06626
22.31,0.06226
22.312,0.05783
22.314,0.05183
22.316,0.04516
22.318,0.04165
22.32,0.04068
22.322,0.03855
22.324,0.03494
22.326,0.03068
22.328,0.02619
22.33,0.02176
22.332,0.01748
22.334,0.01335
22.336,0.00944
22.338,0.00592
22.34,0.00304
22.342,0.0011
22.344,2.26E-04
22.346,2.08E-05
22.348,6.92E-07
22.35,5.14E-09
22.352,0
22.354,0
22.356,0
22.358,0
22.36,0
22.362,0
22.364,0
22.366,0
22.368,0
22.37,0
22.372,0
22.374,0
22.376,0
22.378,0
22.38,0
22.382,0
22.384,0
22.386,0
22.388,0
22.39,0
22.392,0
22.394,0
22.396,0
22.398,0
22.4,0
22.402,0
22.404,0
22.406,0
22.408,0
22.41,1.68E-10
22.412,6.96E-08
22.414,2.54E-06
22.416,3.06E-05
22.418,1.59E-04
22.42,4.83E-04
22.422,0.00108
22.424,0.00197
22.426,0.00314
22.428,0.00448
22.43,0.00583
22.432,0.00697
22.434,0.00795
22.436,0.00933
22.438,0.01119
22.44,0.01293
22.442,0.01427
22.444,0.01528
22.446,0.01603
22.448,0.01655
22.45,0.01686
22.452,0.01698
22.454,0.01691
22.456,0.01668
22.458,0.01628
22.46,0.01573
22.462,0.01497
22.464,0.01391
22.466,0.01285
22.468,0.01222
22.47,0.01155
22.472,0.01061
22.474,0.00955
22.476,0.00839
22.478,0.00712
22.48,0.0058
22.482,0.00438
22.484,0.00334
22.486,0.00311
22.488,0.00291
22.49,0.00244
22.492,0.0019
22.494,0.00142
22.496,0.00101
22.498,6.82E-04
22.5,4.38E-04
22.502,2.64E-04
22.504,1.45E-04
22.506,6.41E-05
22.508,1.65E-05
22.51,1.69E-06
22.512,5.49E-08
22.514,2.97E-10
22.516,0
22.518,0
22.52,0
22.522,0
22.524,0
22.526,0
22.528,0
22.53,0
22.532,0
22.534,0
22.536,0
22.538,0
22.54,0
22.542,0
22.544,0
22.546,0
22.548,0
22.55,0
22.552,0
22.554,0
22.556,0
22.558,0
22.56,0
22.562,0
22.564,0
22.566,0
22.568,0
22.57,0
22.572,0
22.574,0
22.576,0
22.578,0
22.58,0
22.582,0
22.584,0
22.586,0
22.588,0
22.59,0
22.592,0
22.594,0
22.596,0
22.598,0
22.6,0
22.602,0
22.604,0
22.606,0
22.608,0
22.61,0
22.612,0
22.614,0
22.616,0
22.618,0
22.62,0
22.622,0
22.624,0
22.626,0
22.628,0
22.63,0
22.632,0
22.634,0
22.636,0
22.638,0
22.64,0
22.642,0
22.644,0
22.646,0
22.648,0
22.65,0
22.652,0
22.654,0
22.656,0
22.658,0
22.66,0
22.662,0
22.664,0
22.666,0
22.668,0
22.67,0
22.672,0
22.674,0
22.676,0
22.678,0
22.68,0
22.682,0
22.684,1.01E-09
22.686,1.00E-07
22.688,2.41E-06
22.69,1.84E-05
22.692,5.66E-05
22.694,1.05E-04
22.696,1.65E-04
22.698,2.47E-04
22.7,3.58E-04
22.702,5.02E-04
22.704,6.87E-04
22.706,9.18E-04
22.708,0.0012
22.71,0.00154
22.712,0.00194
22.714,0.0024
22.716,0.00293
22.718,0.00352
22.72,0.00419
22.722,0.00493
22.724,0.00573
22.726,0.0066
22.728,0.00754
22.73,0.00852
22.732,0.00954
22.734,0.01054
22.736,0.01142
22.738,0.01222
22.74,0.01334
22.742,0.01485
22.744,0.01645
22.746,0.01796
22.748,0.01936
22.75,0.02064
22.752,0.02178
22.754,0.02273
22.756,0.02333
22.758,0.02325
22.76,0.02176
22.762,0.01756
22.764,0.01021
22.766,0.00351
22.768,0.00258
22.77,0.00878
22.772,0.0189
22.774,0.02746
22.776,0.03296
22.778,0.03652
22.78,0.03906
22.782,0.04103
22.784,0.04264
22.786,0.044
22.788,0.04515
22.79,0.04612
22.792,0.04693
22.794,0.04762
22.796,0.04813
22.798,0.04842
22.8,0.04847
22.802,0.0482
22.804,0.04747
22.806,0.04603
22.808,0.04341
22.81,0.03876
22.812,0.03102
22.814,0.02091
22.816,0.01383
22.818,0.01402
22.82,0.01764
22.822,0.02157
22.824,0.02637
22.826,0.02959
22.828,0.02867
22.83,0.02319
22.832,0.0144
22.834,0.00662
22.836,0.00492
22.838,0.01009
22.84,0.01802
22.842,0.02411
22.844,0.02715
22.846,0.02802
22.848,0.02761
22.85,0.02645
22.852,0.02486
22.854,0.023
22.856,0.02094
22.858,0.01876
22.86,0.01651
22.862,0.01426
22.864,0.01205
22.866,0.00991
22.868,0.00787
22.87,0.00597
22.872,0.00423
22.874,0.00282
22.876,0.0019
22.878,0.0013
22.88,8.26E-04
22.882,4.65E-04
22.884,2.27E-04
22.886,8.85E-05
22.888,2.13E-05
22.89,2.20E-06
22.892,7.42E-08
22.894,4.15E-10
22.896,0
22.898,0
22.9,0
22.902,0
22.904,0
22.906,0
22.908,0
22.91,0
22.912,0
22.914,0
22.916,0
22.918,0
22.92,0
22.922,0
22.924,0
22.926,0
22.928,0
22.93,0
22.932,0
22.934,2.78E-09
22.936,2.22E-07
22.938,4.61E-06
22.94,3.31E-05
22.942,1.10E-04
22.944,2.44E-04
22.946,4.54E-04
22.948,7.53E-04
22.95,0.00114
22.952,0.0016
22.954,0.0021
22.956,0.0026
22.958,0.00305
22.96,0.0034
22.962,0.0036
22.964,0.00358
22.966,0.00329
22.968,0.00275
22.97,0.00221
22.972,0.00181
22.974,0.00137
22.976,8.85E-04
22.978,4.69E-04
22.98,1.85E-04
22.982,4.48E-05
22.984,4.94E-06
22.986,1.93E-07
22.988,1.74E-09
22.99,0
22.992,0
22.994,0
22.996,0
22.998,0
23,0
23.002,0
23.004,0
23.006,0
23.008,2.45E-08
23.01,1.16E-06
23.012,1.76E-05
23.014,1.10E-04
23.016,3.88E-04
23.018,9.87E-04
23.02,0.00204
23.022,0.0036
23.024,0.00566
23.026,0.00815
23.028,0.01095
23.03,0.01395
23.032,0.01704
23.034,0.02011
23.036,0.02307
23.038,0.0258
23.04,0.02815
23.042,0.02962
23.044,0.02845
23.046,0.02142
23.048,0.01399
23.05,0.01998
23.052,0.03227
23.054,0.03933
23.056,0.04242
23.058,0.04409
23.06,0.04515
23.062,0.04581
23.064,0.04628
23.066,0.04669
23.068,0.04694
23.07,0.04695
23.072,0.04676
23.074,0.04641
23.076,0.04589
23.078,0.04521
23.08,0.04438
23.082,0.04341
23.084,0.04241
23.086,0.04139
23.088,0.04024
23.09,0.03896
23.092,0.03757
23.094,0.03609
23.096,0.03453
23.098,0.03288
23.1,0.0312
23.102,0.02949
23.104,0.02773
23.106,0.02593
23.108,0.02409
23.11,0.02223
23.112,0.02034
23.114,0.01839
23.116,0.0163
23.118,0.01407
23.12,0.01221
23.122,0.011
23.124,0.00988
23.126,0.00857
23.128,0.00719
23.13,0.0058
23.132,0.00453
23.134,0.0036
23.136,0.00293
23.138,0.00231
23.14,0.00173
23.142,0.00124
23.144,8.46E-04
23.146,5.51E-04
23.148,3.39E-04
23.15,1.95E-04
23.152,9.92E-05
23.154,3.57E-05
23.156,6.13E-06
23.158,3.67E-07
23.16,6.25E-09
23.162,0
23.164,0
23.166,0
23.168,0
23.17,0
23.172,0
23.174,0
23.176,0
23.178,0
23.18,0
23.182,0
23.184,0
23.186,0
23.188,0
23.19,0
23.192,0
23.194,0
23.196,0
23.198,0
23.2,0
23.202,0
23.204,0
23.206,0
23.208,0
23.21,0
23.212,0
23.214,0
23.216,0
23.218,0
23.22,0
23.222,0
23.224,0
23.226,0
23.228,1.04E-08
23.23,5.18E-07
23.232,7.42E-06
23.234,3.72E-05
23.236,8.72E-05
23.238,1.37E-04
23.24,1.89E-04
23.242,2.98E-04
23.244,5.29E-04
23.246,8.62E-04
23.248,0.00122
23.25,0.00149
23.252,0.00156
23.254,0.00168
23.256,0.00245
23.258,0.00372
23.26,0.00496
23.262,0.00605
23.264,0.007
23.266,0.0078
23.268,0.00828
23.27,0.00846
23.272,0.00899
23.274,0.01041
23.276,0.01222
23.278,0.01377
23.28,0.015
23.282,0.01602
23.284,0.01688
23.286,0.01761
23.288,0.01819
23.29,0.01862
23.292,0.01885
23.294,0.01887
23.296,0.01861
23.298,0.01802
23.3,0.017
23.302,0.01545
23.304,0.01326
23.306,0.01038
23.308,0.00698
23.31,0.00365
23.312,0.00129
23.314,2.63E-04
23.316,2.55E-05
23.318,1.31E-06
23.32,1.29E-05
23.322,1.72E-04
23.324,0.00102
23.326,0.00324
23.328,0.00671
23.33,0.01056
23.332,0.01406
23.334,0.01694
23.336,0.0192
23.338,0.02092
23.34,0.0222
23.342,0.02313
23.344,0.02377
23.346,0.02419
23.348,0.0244
23.35,0.02444
23.352,0.02435
23.354,0.02422
23.356,0.02401
23.358,0.02368
23.36,0.02327
23.362,0.02276
23.364,0.02214
23.366,0.02138
23.368,0.02068
23.37,0.02014
23.372,0.01954
23.374,0.01882
23.376,0.01804
23.378,0.01722
23.38,0.01637
23.382,0.01549
23.384,0.0146
23.386,0.01369
23.388,0.01277
23.39,0.01184
23.392,0.0109
23.394,0.00997
23.396,0.00904
23.398,0.00811
23.4,0.0072
23.402,0.0063
23.404,0.00542
23.406,0.00457
23.408,0.00374
23.41,0.00294
23.412,0.00216
23.414,0.00142
23.416,7.55E-04
23.418,2.78E-04
23.42,5.95E-05
23.422,2.84E-05
23.424,7.11E-05
23.426,1.02E-04
23.428,8.89E-05
23.43,4.78E-05
23.432,1.25E-05
23.434,1.21E-06
23.436,3.51E-08
23.438,1.11E-10
23.44,0
23.442,0
23.444,0
23.446,0
23.448,0
23.45,0
23.452,0
23.454,0
23.456,0
23.458,0
23.46,0
23.462,0
23.464,0
23.466,0
23.468,0
23.47,0
23.472,0
23.474,0
23.476,0
23.478,0
23.48,0
23.482,0
23.484,0
23.486,0
23.488,0
23.49,0
23.492,0
23.494,0
23.496,0
23.498,0
23.5,0
23.502,0
23.504,0
23.506,0
23.508,0
23.51,0
23.512,0
23.514,0
23.516,0
23.518,0
23.52,0
23.522,0
23.524,0
23.526,0
23.528,0
23.53,0
23.532,0
23.534,0
23.536,0
23.538,0
23.54,0
23.542,0
23.544,0
23.546,0
23.548,0
23.55,0
23.552,0
23.554,0
23.556,0
23.558,0
23.56,0
23.562,0
23.564,0
23.566,0
23.568,0
23.57,0
23.572,0
23.574,0
23.576,0
23.578,0
23.58,0
23.582,0
23.584,0
23.586,0
23.588,0
23.59,0
23.592,0
23.594,0
23.596,0
23.598,0
23.6,0
23.602,0
23.604,0
23.606,0
23.608,0
23.61,0
23.612,0
23.614,0
23.616,0
23.618,0
23.62,0
23.622,0
23.624,0
23.626,0
23.628,0
23.63,0
23.632,0
23.634,0
23.636,0
23.638,0
23.64,0
23.642,0
23.644,0
23.646,0
23.648,0
23.65,0
23.652,0
23.654,0
23.656,0
23.658,0
23.66,0
23.662,0
23.664,0
23.666,0
23.668,0
23.67,0
23.672,0
23.674,0
23.676,0
23.678,0
23.68,0
23.682,0
23.684,0
23.686,0
23.688,0
23.69,0
23.692,0
23.694,0
23.696,0
23.698,0
23.7,0
23.702,0
23.704,0
23.706,0
23.708,0
23.71,0
23.712,0
23.714,0
23.716,0
23.718,0
23.72,0
23.722,0
23.724,0
23.726,0
23.728,0
23.73,0
23.732,0
23.734,0
23.736,0
23.738,0
23.74,0
23.742,0
23.744,0
23.746,0
23.748,0
23.75,0
23.752,0
23.754,0
23.756,0
23.758,0
23.76,0
23.762,0
23.764,0
23.766,0
23.768,0
23.77,0
23.772,0
23.774,0
23.776,0
23.778,0
23.78,0
23.782,0
23.784,0
23.786,0
23.788,0
23.79,0
23.792,0
23.794,0
23.796,0
23.798,0
23.8,0
23.802,0
23.804,0
23.806,0
23.808,0
23.81,0
23.812,0
23.814,0
23.816,0
23.818,0
23.82,0
23.822,0
23.824,0
23.826,0
23.828,0
23.83,0
23.832,0
23.834,0
23.836,0
23.838,0
23.84,0
23.842,0
23.844,0
23.846,0
23.848,0
23.85,0
23.852,0
23.854,0
23.856,0
23.858,0
23.86,0
23.862,0
23.864,0
23.866,0
23.868,0
23.87,0
23.872,0
23.874,0
23.876,0
23.878,0
23.88,0
23.882,0
23.884,0
23.886,0
23.888,0
23.89,0
23.892,0
23.894,0
23.896,0
23.898,0
23.9,0
23.902,0
23.904,0
23.906,0
23.908,0
23.91,0
23.912,0
23.914,0
23.916,0
23.918,0
23.92,0
23.922,0
23.924,0
23.926,0
23.928,0
23.93,0
23.932,0
23.934,0
23.936,0
23.938,0
23.94,0
23.942,0
23.944,0
23.946,0
23.948,0
23.95,0
23.952,0
23.954,0
23.956,0
23.958,0
23.96,0
23.962,0
23.964,0
23.966,0
23.968,0
23.97,0
23.972,0
23.974,0
23.976,0
23.978,0
23.98,0
23.982,0
23.984,0
23.986,0
23.988,0
23.99,0
23.992,0
23.994,0
23.996,0
23.998,0
24,0
24.002,0
24.004,0
24.006,0
24.008,0
24.01,0
24.012,0
24.014,0
24.016,0
24.018,0
24.02,0
24.022,0
24.024,0
24.026,0
24.028,0
24.03,0
24.032,0
24.034,0
24.036,0
24.038,0
24.04,0
24.042,0
24.044,0
24.046,0
24.048,0
24.05,0
24.052,0
24.054,0
24.056,0
24.058,0
24.06,0
24.062,0
24.064,0
24.066,0
24.068,0
24.07,0
24.072,0
24.074,0
24.076,0
24.078,0
24.08,0
24.082,0
24.084,0
24.086,0
24.088,0
24.09,0
24.092,0
24.094,0
24.096,0
24.098,0
24.1,0
24.102,0
24.104,0
24.106,0
24.108,0
24.11,0
24.112,0
24.114,1.79E-08
24.116,8.96E-07
24.118,1.34E-05
24.12,7.45E-05
24.122,2.01E-04
24.124,3.50E-04
24.126,4.89E-04
24.128,6.46E-04
24.13,8.56E-04
24.132,0.0011
24.134,0.00133
24.136,0.00155
24.138,0.00177
24.14,0.00198
24.142,0.00219
24.144,0.00241
24.146,0.00263
24.148,0.00285
24.15,0.00307
24.152,0.0033
24.154,0.00353
24.156,0.00375
24.158,0.00397
24.16,0.00418
24.162,0.00434
24.164,0.00442
24.166,0.0043
24.168,0.0038
24.17,0.00286
24.172,0.00223
24.174,0.00294
24.176,0.00446
24.178,0.00574
24.18,0.00658
24.182,0.00718
24.184,0.00766
24.186,0.00809
24.188,0.0085
24.19,0.0089
24.192,0.00929
24.194,0.00968
24.196,0.01006
24.198,0.01045
24.2,0.01084
24.202,0.01123
24.204,0.01163
24.206,0.01202
24.208,0.01242
24.21,0.0128
24.212,0.01317
24.214,0.01354
24.216,0.01395
24.218,0.01439
24.22,0.01485
24.222,0.01529
24.224,0.01572
24.226,0.01615
24.228,0.01657
24.23,0.01699
24.232,0.01741
24.234,0.01783
24.236,0.01823
24.238,0.01862
24.24,0.019
24.242,0.01933
24.244,0.01959
24.246,0.01969
24.248,0.01946
24.25,0.01858
24.252,0.0172
24.254,0.01678
24.256,0.01834
24.258,0.02054
24.26,0.02213
24.262,0.02315
24.264,0.02388
24.266,0.02445
24.268,0.02491
24.27,0.02523
24.272,0.02525
24.274,0.02459
24.276,0.02343
24.278,0.02363
24.28,0.02556
24.282,0.02731
24.284,0.02833
24.286,0.029
24.288,0.02955
24.29,0.03004
24.292,0.0305
24.294,0.03095
24.296,0.03138
24.298,0.0318
24.3,0.03222
24.302,0.03263
24.304,0.03304
24.306,0.03344
24.308,0.03382
24.31,0.03419
24.312,0.03456
24.314,0.03493
24.316,0.03531
24.318,0.03562
24.32,0.03582
24.322,0.03593
24.324,0.03622
24.326,0.03678
24.328,0.03735
24.33,0.03782
24.332,0.03822
24.334,0.03858
24.336,0.03893
24.338,0.03927
24.34,0.0396
24.342,0.03992
24.344,0.04023
24.346,0.04054
24.348,0.04085
24.35,0.04114
24.352,0.04143
24.354,0.04171
24.356,0.04198
24.358,0.04225
24.36,0.04251
24.362,0.04277
24.364,0.04301
24.366,0.04325
24.368,0.04348
24.37,0.0437
24.372,0.04391
24.374,0.0441
24.376,0.04428
24.378,0.04445
24.38,0.04462
24.382,0.04477
24.384,0.0449
24.386,0.04501
24.388,0.04509
24.39,0.04513
24.392,0.04514
24.394,0.04509
24.396,0.04496
24.398,0.04471
24.4,0.04433
24.402,0.04384
24.404,0.04313
24.406,0.04195
24.408,0.03992
24.41,0.03669
24.412,0.03226
24.414,0.02617
24.416,0.0177
24.418,0.00936
24.42,0.00634
24.422,0.01095
24.424,0.02032
24.426,0.02941
24.428,0.03582
24.43,0.03985
24.432,0.0424
24.434,0.04407
24.436,0.04521
24.438,0.04603
24.44,0.04663
24.442,0.04707
24.444,0.0474
24.446,0.04763
24.448,0.04782
24.45,0.04803
24.452,0.04821
24.454,0.04835
24.456,0.04845
24.458,0.04852
24.46,0.04857
24.462,0.04861
24.464,0.04862
24.466,0.04863
24.468,0.04862
24.47,0.0486
24.472,0.04857
24.474,0.04853
24.476,0.04848
24.478,0.04843
24.48,0.04836
24.482,0.04828
24.484,0.0482
24.486,0.0481
24.488,0.04791
24.49,0.04769
24.492,0.04765
24.494,0.04761
24.496,0.04748
24.498,0.04731
24.5,0.04716
24.502,0.04701
24.504,0.04685
24.506,0.04668
24.508,0.04648
24.51,0.04626
24.512,0.04602
24.514,0.04575
24.516,0.04545
24.518,0.04508
24.52,0.0446
24.522,0.04381
24.524,0.04231
24.526,0.04
24.528,0.03686
24.53,0.03127
24.532,0.0271
24.534,0.03091
24.536,0.03552
24.538,0.03549
24.54,0.03178
24.542,0.02762
24.544,0.02822
24.546,0.03287
24.548,0.03669
24.55,0.03839
24.552,0.03875
24.554,0.03848
24.556,0.03817
24.558,0.03802
24.56,0.03788
24.562,0.03798
24.564,0.03814
24.566,0.03811
24.568,0.03788
24.57,0.03757
24.572,0.0372
24.574,0.03681
24.576,0.03639
24.578,0.03595
24.58,0.03548
24.582,0.03501
24.584,0.03451
24.586,0.03399
24.588,0.03345
24.59,0.03289
24.592,0.03231
24.594,0.03171
24.596,0.03107
24.598,0.03041
24.6,0.02973
24.602,0.02901
24.604,0.02824
24.606,0.02739
24.608,0.02649
24.61,0.02566
24.612,0.02481
24.614,0.02386
24.616,0.02282
24.618,0.02169
24.62,0.02048
24.622,0.01918
24.624,0.01787
24.626,0.01652
24.628,0.01506
24.63,0.01349
24.632,0.01182
24.634,0.01008
24.636,0.00829
24.638,0.00651
24.64,0.00478
24.642,0.00322
24.644,0.00192
24.646,9.60E-04
24.648,3.75E-04
24.65,9.95E-05
24.652,1.39E-05
24.654,7.70E-07
24.656,1.29E-08
24.658,0
24.66,0
24.662,0
24.664,0
24.666,3.81E-09
24.668,3.19E-07
24.67,7.24E-06
24.672,6.03E-05
24.674,2.42E-04
24.676,6.19E-04
24.678,0.0012
24.68,0.00195
24.682,0.00291
24.684,0.00402
24.686,0.00517
24.688,0.00624
24.69,0.0072
24.692,0.00803
24.694,0.00875
24.696,0.00935
24.698,0.00985
24.7,0.01026
24.702,0.01058
24.704,0.01082
24.706,0.01097
24.708,0.01102
24.71,0.01096
24.712,0.01086
24.714,0.01089
24.716,0.011
24.718,0.01105
24.72,0.01102
24.722,0.01093
24.724,0.0108
24.726,0.01065
24.728,0.01048
24.73,0.01029
24.732,0.01008
24.734,0.00985
24.736,0.0096
24.738,0.00932
24.74,0.00897
24.742,0.00848
24.744,0.00771
24.746,0.00668
24.748,0.00613
24.75,0.00648
24.752,0.00701
24.754,0.00721
24.756,0.00716
24.758,0.00701
24.76,0.00682
24.762,0.0066
24.764,0.00637
24.766,0.0061
24.768,0.0058
24.77,0.00559
24.772,0.00544
24.774,0.00526
24.776,0.00505
24.778,0.00484
24.78,0.00463
24.782,0.00443
24.784,0.00423
24.786,0.00403
24.788,0.00383
24.79,0.00364
24.792,0.00346
24.794,0.00328
24.796,0.0031
24.798,0.00293
24.8,0.00277
24.802,0.00261
24.804,0.00245
24.806,0.00231
24.808,0.00216
24.81,0.00202
24.812,0.00189
24.814,0.00176
24.816,0.00164
24.818,0.00152
24.82,0.00141
24.822,0.00131
24.824,0.00121
24.826,0.00111
24.828,0.00102
24.83,9.34E-04
24.832,8.53E-04
24.834,7.77E-04
24.836,7.06E-04
24.838,6.39E-04
24.84,5.77E-04
24.842,5.19E-04
24.844,4.65E-04
24.846,4.15E-04
24.848,3.69E-04
24.85,3.27E-04
24.852,2.88E-04
24.854,2.53E-04
24.856,2.21E-04
24.858,1.92E-04
24.86,1.66E-04
24.862,1.43E-04
24.864,1.22E-04
24.866,1.04E-04
24.868,8.74E-05
24.87,7.31E-05
24.872,5.88E-05
24.874,3.76E-05
24.876,1.27E-05
24.878,1.57E-06
24.88,5.85E-08
24.882,4.21E-10
24.884,0
24.886,0
24.888,0
24.89,0
24.892,0
24.894,0
24.896,0
24.898,0
24.9,0
24.902,0
24.904,0
24.906,0
24.908,0
24.91,0
24.912,0
24.914,0
24.916,0
24.918,0
24.92,0
24.922,0
24.924,0
24.926,0
24.928,0
24.93,0
24.932,0
24.934,0
24.936,0
24.938,0
24.94,0
24.942,0
24.944,0
24.946,0
24.948,0
24.95,0
24.952,0
24.954,0
24.956,0
24.958,0
24.96,0
24.962,0
24.964,0
24.966,0
24.968,0
24.97,0
24.972,0
24.974,0
24.976,0
24.978,0
24.98,0
24.982,0
24.984,0
24.986,0
24.988,0
24.99,0
24.992,0
24.994,0
24.996,0
24.998,0
25,0
25.002,0
25.004,0
25.006,0
25.008,0
25.01,0
25.012,0
25.014,0
25.016,0
25.018,0
25.02,0
25.022,0
25.024,0
25.026,0
25.028,0
25.03,0
25.032,0
25.034,0
25.036,0
25.038,0
25.04,0
25.042,0
25.044,0
25.046,0
25.048,0
25.05,0
25.052,0
25.054,0
25.056,0
25.058,0
25.06,0
25.062,0
25.064,0
25.066,0
25.068,0
25.07,0
25.072,0
25.074,0
25.076,0
25.078,0
25.08,0
25.082,0
25.084,0
25.086,0
25.088,0
25.09,0
25.092,0
25.094,0
25.096,0
25.098,0
25.1,0
25.102,0
25.104,0
25.106,0
25.108,0
25.11,0
25.112,0
25.114,0
25.116,0
25.118,0
25.12,0
25.122,0
25.124,0
25.126,0
25.128,0
25.13,0
25.132,0
25.134,0
25.136,0
25.138,0
25.14,0
25.142,0
25.144,0
25.146,0
25.148,0
25.15,0
25.152,0
25.154,0
25.156,0
25.158,0
25.16,0
25.162,0
25.164,0
25.166,0
25.168,0
25.17,0
25.172,0
25.174,0
25.176,0
25.178,0
25.18,0
25.182,0
25.184,0
25.186,0
25.188,0
25.19,0
25.192,0
25.194,0
25.196,0
25.198,0
25.2,0
25.202,0
25.204,0
25.206,0
25.208,0
25.21,0
25.212,0
25.214,0
25.216,0
25.218,0
25.22,0
25.222,0
25.224,0
25.226,0
25.228,0
25.23,0
25.232,0
25.234,0
25.236,0
25.238,0
25.24,0
25.242,0
25.244,0
25.246,0
25.248,0
25.25,0
25.252,0
25.254,0
25.256,0
25.258,0
25.26,0
25.262,0
25.264,0
25.266,0
25.268,0
25.27,0
25.272,0
25.274,0
25.276,0
25.278,0
25.28,0
25.282,0
25.284,0
25.286,0
25.288,0
25.29,0
25.292,0
25.294,0
25.296,0
25.298,0
25.3,0
25.302,0
25.304,0
25.306,0
25.308,0
25.31,0
25.312,0
25.314,0
25.316,0
25.318,0
25.32,0
25.322,0
25.324,0
25.326,0
25.328,0
25.33,0
25.332,0
25.334,0
25.336,0
25.338,0
25.34,0
25.342,0
25.344,0
25.346,0
25.348,0
25.35,0
25.352,0
25.354,0
25.356,0
25.358,0
25.36,0
25.362,0
25.364,0
25.366,0
25.368,0
25.37,0
25.372,0
25.374,0
25.376,0
25.378,0
25.38,0
25.382,0
25.384,0
25.386,0
25.388,0
25.39,0
25.392,0
25.394,0
25.396,0
25.398,0
25.4,0
25.402,0
25.404,0
25.406,0
25.408,0
25.41,0
25.412,0
25.414,0
25.416,0
25.418,0
25.42,0
25.422,0
25.424,0
25.426,0
25.428,0
25.43,0
25.432,0
25.434,0
25.436,0
25.438,0
25.44,0
25.442,0
25.444,0
25.446,0
25.448,0
25.45,0
25.452,0
25.454,0
25.456,0
25.458,0
25.46,0
25.462,0
25.464,0
25.466,0
25.468,0
25.47,0
25.472,0
25.474,0
25.476,0
25.478,0
25.48,0
25.482,0
25.484,0
25.486,0
25.488,0
25.49,0
25.492,1.25E-10
25.494,3.12E-08
25.496,1.01E-06
25.498,9.60E-06
25.5,3.18E-05
25.502,5.08E-05
25.504,5.92E-05
25.506,6.38E-05
25.508,6.52E-05
25.51,5.83E-05
25.512,3.54E-05
25.514,1.00E-05
25.516,9.91E-07
25.518,6.89E-07
25.52,9.22E-06
25.522,4.50E-05
25.524,1.01E-04
25.526,1.48E-04
25.528,1.83E-04
25.53,2.10E-04
25.532,2.28E-04
25.534,2.35E-04
25.536,2.52E-04
25.538,2.96E-04
25.54,3.42E-04
25.542,3.74E-04
25.544,3.99E-04
25.546,4.17E-04
25.548,4.33E-04
25.55,4.66E-04
25.552,5.15E-04
25.554,5.61E-04
25.556,6.01E-04
25.558,6.37E-04
25.56,6.71E-04
25.562,7.06E-04
25.564,7.39E-04
25.566,7.66E-04
25.568,7.83E-04
25.57,8.17E-04
25.572,8.67E-04
25.574,9.07E-04
25.576,9.38E-04
25.578,9.57E-04
25.58,9.64E-04
25.582,9.95E-04
25.584,0.00105
25.586,0.00109
25.588,0.00113
25.59,0.00116
25.592,0.00119
25.594,0.00122
25.596,0.00125
25.598,0.00127
25.6,0.0013
25.602,0.00131
25.604,0.00132
25.606,0.00131
25.608,0.00129
25.61,0.00131
25.612,0.00137
25.614,0.0014
25.616,0.0014
25.618,0.0014
25.62,0.00139
25.622,0.00137
25.624,0.00134
25.626,0.00129
25.628,0.00122
25.63,0.00109
25.632,9.52E-04
25.634,8.60E-04
25.636,8.39E-04
25.638,7.91E-04
25.64,6.66E-04
25.642,4.84E-04
25.644,2.82E-04
25.646,1.13E-04
25.648,2.36E-05
25.65,1.93E-06
25.652,5.06E-08
25.654,5.21E-08
25.656,1.96E-06
25.658,2.36E-05
25.66,1.12E-04
25.662,2.81E-04
25.664,4.85E-04
25.666,6.79E-04
25.668,8.43E-04
25.67,9.72E-04
25.672,0.00107
25.674,0.00115
25.676,0.0012
25.678,0.00124
25.68,0.00126
25.682,0.00128
25.684,0.00129
25.686,0.00129
25.688,0.00128
25.69,0.00126
25.692,0.00125
25.694,0.00124
25.696,0.00123
25.698,0.00121
25.7,0.00119
25.702,0.00116
25.704,0.00113
25.706,0.0011
25.708,0.00107
25.71,0.00103
25.712,9.87E-04
25.714,9.38E-04
25.716,8.89E-04
25.718,8.34E-04
25.72,7.55E-04
25.722,6.40E-04
25.724,4.81E-04
25.726,3.29E-04
25.728,3.25E-04
25.73,4.51E-04
25.732,5.55E-04
25.734,5.94E-04
25.736,5.95E-04
25.738,5.80E-04
25.74,5.58E-04
25.742,5.33E-04
25.744,5.06E-04
25.746,4.79E-04
25.748,4.52E-04
25.75,4.25E-04
25.752,3.99E-04
25.754,3.73E-04
25.756,3.48E-04
25.758,3.24E-04
25.76,3.00E-04
25.762,2.77E-04
25.764,2.56E-04
25.766,2.35E-04
25.768,2.15E-04
25.77,1.96E-04
25.772,1.79E-04
25.774,1.62E-04
25.776,1.45E-04
25.778,1.30E-04
25.78,1.14E-04
25.782,9.78E-05
25.784,8.16E-05
25.786,6.98E-05
25.788,6.41E-05
25.79,5.98E-05
25.792,5.23E-05
25.794,3.48E-05
25.796,1.18E-05
25.798,1.44E-06
25.8,5.25E-08
25.802,3.88E-10
25.804,0
25.806,0
25.808,0
25.81,0
25.812,0
25.814,0
25.816,0
25.818,0
25.82,0
25.822,0
25.824,0
25.826,0
25.828,0
25.83,0
25.832,0
25.834,0
25.836,0
25.838,0
25.84,0
25.842,0
25.844,0
25.846,0
25.848,0
25.85,0
25.852,0
25.854,0
25.856,0
25.858,0
25.86,0
25.862,0
25.864,0
25.866,0
25.868,0
25.87,0
25.872,0
25.874,0
25.876,0
25.878,0
25.88,0
25.882,0
25.884,0
25.886,0
25.888,0
25.89,0
25.892,0
25.894,0
25.896,0
25.898,0
25.9,0
25.902,0
25.904,0
25.906,0
25.908,0
25.91,0
25.912,0
25.914,0
25.916,0
25.918,0
25.92,0
25.922,0
25.924,0
25.926,0
25.928,0
25.93,0
25.932,0
25.934,0
25.936,0
25.938,0
25.94,0
25.942,0
25.944,0
25.946,0
25.948,0
25.95,0
25.952,0
25.954,0
25.956,0
25.958,0
25.96,0
25.962,0
25.964,0
25.966,0
25.968,0
25.97,0
25.972,0
25.974,0
25.976,0
25.978,0
25.98,0
25.982,0
25.984,0
25.986,0
25.988,0
25.99,0
25.992,0
25.994,0
25.996,0
25.998,0
26,1.00E-18
